Image_name,Label
0 (1).jpg,0
0 (10).jpg,0
0 (100).jpg,0
0 (101).jpg,0
0 (102).jpg,0
0 (103).jpg,0
0 (104).jpg,0
0 (105).jpg,0
0 (106).jpg,0
0 (107).jpg,0
0 (108).jpg,0
0 (109).jpg,0
0 (11).jpg,0
0 (110).jpg,0
0 (111).jpg,0
0 (112).jpg,0
0 (113).jpg,0
0 (114).jpg,0
0 (115).jpg,0
0 (116).jpg,0
0 (117).jpg,0
0 (118).jpg,0
0 (119).jpg,0
0 (12).jpg,0
0 (120).jpg,0
0 (121).jpg,0
0 (122).jpg,0
0 (123).jpg,0
0 (124).jpg,0
0 (125).jpg,0
0 (126).jpg,0
0 (127).jpg,0
0 (128).jpg,0
0 (129).jpg,0
0 (13).jpg,0
0 (130).jpg,0
0 (131).jpg,0
0 (132).jpg,0
0 (133).jpg,0
0 (134).jpg,0
0 (135).jpg,0
0 (136).jpg,0
0 (137).jpg,0
0 (138).jpg,0
0 (139).jpg,0
0 (14).jpg,0
0 (140).jpg,0
0 (141).jpg,0
0 (142).jpg,0
0 (143).jpg,0
0 (144).jpg,0
0 (145).jpg,0
0 (146).jpg,0
0 (147).jpg,0
0 (148).jpg,0
0 (149).jpg,0
0 (15).jpg,0
0 (150).jpg,0
0 (151).jpg,0
0 (152).jpg,0
0 (153).jpg,0
0 (154).jpg,0
0 (155).jpg,0
0 (156).jpg,0
0 (157).jpg,0
0 (158).jpg,0
0 (159).jpg,0
0 (16).jpg,0
0 (160).jpg,0
0 (161).jpg,0
0 (162).jpg,0
0 (163).jpg,0
0 (164).jpg,0
0 (165).jpg,0
0 (166).jpg,0
0 (167).jpg,0
0 (168).jpg,0
0 (169).jpg,0
0 (17).jpg,0
0 (170).jpg,0
0 (171).jpg,0
0 (172).jpg,0
0 (173).jpg,0
0 (174).jpg,0
0 (175).jpg,0
0 (176).jpg,0
0 (177).jpg,0
0 (178).jpg,0
0 (179).jpg,0
0 (18).jpg,0
0 (180).jpg,0
0 (181).jpg,0
0 (182).jpg,0
0 (183).jpg,0
0 (184).jpg,0
0 (185).jpg,0
0 (186).jpg,0
0 (187).jpg,0
0 (188).jpg,0
0 (189).jpg,0
0 (19).jpg,0
0 (190).jpg,0
0 (191).jpg,0
0 (192).jpg,0
0 (193).jpg,0
0 (194).jpg,0
0 (195).jpg,0
0 (196).jpg,0
0 (197).jpg,0
0 (198).jpg,0
0 (199).jpg,0
0 (2).jpg,0
0 (20).jpg,0
0 (200).jpg,0
0 (201).jpg,0
0 (202).jpg,0
0 (203).jpg,0
0 (204).jpg,0
0 (205).jpg,0
0 (206).jpg,0
0 (207).jpg,0
0 (208).jpg,0
0 (209).jpg,0
0 (21).jpg,0
0 (210).jpg,0
0 (211).jpg,0
0 (212).jpg,0
0 (213).jpg,0
0 (214).jpg,0
0 (215).jpg,0
0 (216).jpg,0
0 (217).jpg,0
0 (218).jpg,0
0 (219).jpg,0
0 (22).jpg,0
0 (220).jpg,0
0 (221).jpg,0
0 (222).jpg,0
0 (223).jpg,0
0 (224).jpg,0
0 (225).jpg,0
0 (226).jpg,0
0 (227).jpg,0
0 (228).jpg,0
0 (229).jpg,0
0 (23).jpg,0
0 (230).jpg,0
0 (231).jpg,0
0 (232).jpg,0
0 (233).jpg,0
0 (234).jpg,0
0 (235).jpg,0
0 (236).jpg,0
0 (237).jpg,0
0 (238).jpg,0
0 (239).jpg,0
0 (24).jpg,0
0 (240).jpg,0
0 (241).jpg,0
0 (242).jpg,0
0 (243).jpg,0
0 (244).jpg,0
0 (245).jpg,0
0 (246).jpg,0
0 (247).jpg,0
0 (248).jpg,0
0 (249).jpg,0
0 (25).jpg,0
0 (250).jpg,0
0 (251).jpg,0
0 (252).jpg,0
0 (253).jpg,0
0 (254).jpg,0
0 (255).jpg,0
0 (256).jpg,0
0 (257).jpg,0
0 (258).jpg,0
0 (259).jpg,0
0 (26).jpg,0
0 (260).jpg,0
0 (261).jpg,0
0 (262).jpg,0
0 (263).jpg,0
0 (264).jpg,0
0 (265).jpg,0
0 (266).jpg,0
0 (267).jpg,0
0 (268).jpg,0
0 (269).jpg,0
0 (27).jpg,0
0 (270).jpg,0
0 (271).jpg,0
0 (272).jpg,0
0 (273).jpg,0
0 (274).jpg,0
0 (275).jpg,0
0 (276).jpg,0
0 (277).jpg,0
0 (278).jpg,0
0 (279).jpg,0
0 (28).jpg,0
0 (280).jpg,0
0 (281).jpg,0
0 (282).jpg,0
0 (283).jpg,0
0 (284).jpg,0
0 (285).jpg,0
0 (286).jpg,0
0 (287).jpg,0
0 (288).jpg,0
0 (289).jpg,0
0 (29).jpg,0
0 (290).jpg,0
0 (291).jpg,0
0 (292).jpg,0
0 (293).jpg,0
0 (294).jpg,0
0 (295).jpg,0
0 (296).jpg,0
0 (297).jpg,0
0 (298).jpg,0
0 (299).jpg,0
0 (3).jpg,0
0 (30).jpg,0
0 (300).jpg,0
0 (301).jpg,0
0 (302).jpg,0
0 (303).jpg,0
0 (304).jpg,0
0 (305).jpg,0
0 (306).jpg,0
0 (307).jpg,0
0 (308).jpg,0
0 (309).jpg,0
0 (31).jpg,0
0 (310).jpg,0
0 (311).jpg,0
0 (312).jpg,0
0 (313).jpg,0
0 (314).jpg,0
0 (315).jpg,0
0 (316).jpg,0
0 (317).jpg,0
0 (318).jpg,0
0 (319).jpg,0
0 (32).jpg,0
0 (320).jpg,0
0 (321).jpg,0
0 (322).jpg,0
0 (323).jpg,0
0 (324).jpg,0
0 (325).jpg,0
0 (326).jpg,0
0 (327).jpg,0
0 (328).jpg,0
0 (329).jpg,0
0 (33).jpg,0
0 (330).jpg,0
0 (331).jpg,0
0 (332).jpg,0
0 (333).jpg,0
0 (334).jpg,0
0 (335).jpg,0
0 (336).jpg,0
0 (337).jpg,0
0 (338).jpg,0
0 (339).jpg,0
0 (34).jpg,0
0 (340).jpg,0
0 (341).jpg,0
0 (342).jpg,0
0 (343).jpg,0
0 (344).jpg,0
0 (345).jpg,0
0 (346).jpg,0
0 (347).jpg,0
0 (348).jpg,0
0 (349).jpg,0
0 (35).jpg,0
0 (350).jpg,0
0 (351).jpg,0
0 (352).jpg,0
0 (353).jpg,0
0 (354).jpg,0
0 (355).jpg,0
0 (356).jpg,0
0 (357).jpg,0
0 (358).jpg,0
0 (359).jpg,0
0 (36).jpg,0
0 (360).jpg,0
0 (361).jpg,0
0 (362).jpg,0
0 (363).jpg,0
0 (364).jpg,0
0 (365).jpg,0
0 (366).jpg,0
0 (367).jpg,0
0 (368).jpg,0
0 (369).jpg,0
0 (37).jpg,0
0 (370).jpg,0
0 (371).jpg,0
0 (372).jpg,0
0 (373).jpg,0
0 (374).jpg,0
0 (375).jpg,0
0 (376).jpg,0
0 (377).jpg,0
0 (378).jpg,0
0 (379).jpg,0
0 (38).jpg,0
0 (380).jpg,0
0 (381).jpg,0
0 (382).jpg,0
0 (383).jpg,0
0 (384).jpg,0
0 (385).jpg,0
0 (386).jpg,0
0 (387).jpg,0
0 (388).jpg,0
0 (389).jpg,0
0 (39).jpg,0
0 (390).jpg,0
0 (391).jpg,0
0 (392).jpg,0
0 (393).jpg,0
0 (394).jpg,0
0 (395).jpg,0
0 (396).jpg,0
0 (397).jpg,0
0 (398).jpg,0
0 (399).jpg,0
0 (4).jpg,0
0 (40).jpg,0
0 (400).jpg,0
0 (401).jpg,0
0 (402).jpg,0
0 (403).jpg,0
0 (404).jpg,0
0 (405).jpg,0
0 (406).jpg,0
0 (407).jpg,0
0 (408).jpg,0
0 (409).jpg,0
0 (41).jpg,0
0 (410).jpg,0
0 (411).jpg,0
0 (412).jpg,0
0 (413).jpg,0
0 (414).jpg,0
0 (415).jpg,0
0 (416).jpg,0
0 (417).jpg,0
0 (418).jpg,0
0 (419).jpg,0
0 (42).jpg,0
0 (420).jpg,0
0 (421).jpg,0
0 (422).jpg,0
0 (423).jpg,0
0 (424).jpg,0
0 (425).jpg,0
0 (426).jpg,0
0 (427).jpg,0
0 (428).jpg,0
0 (429).jpg,0
0 (43).jpg,0
0 (430).jpg,0
0 (431).jpg,0
0 (432).jpg,0
0 (433).jpg,0
0 (434).jpg,0
0 (435).jpg,0
0 (436).jpg,0
0 (437).jpg,0
0 (438).jpg,0
0 (439).jpg,0
0 (44).jpg,0
0 (440).jpg,0
0 (441).jpg,0
0 (442).jpg,0
0 (443).jpg,0
0 (444).jpg,0
0 (445).jpg,0
0 (446).jpg,0
0 (447).jpg,0
0 (448).jpg,0
0 (449).jpg,0
0 (45).jpg,0
0 (450).jpg,0
0 (451).jpg,0
0 (452).jpg,0
0 (453).jpg,0
0 (454).jpg,0
0 (455).jpg,0
0 (456).jpg,0
0 (457).jpg,0
0 (458).jpg,0
0 (459).jpg,0
0 (46).jpg,0
0 (460).jpg,0
0 (461).jpg,0
0 (462).jpg,0
0 (463).jpg,0
0 (464).jpg,0
0 (465).jpg,0
0 (466).jpg,0
0 (467).jpg,0
0 (468).jpg,0
0 (469).jpg,0
0 (47).jpg,0
0 (470).jpg,0
0 (471).jpg,0
0 (472).jpg,0
0 (473).jpg,0
0 (474).jpg,0
0 (475).jpg,0
0 (476).jpg,0
0 (477).jpg,0
0 (478).jpg,0
0 (479).jpg,0
0 (48).jpg,0
0 (480).jpg,0
0 (481).jpg,0
0 (482).jpg,0
0 (483).jpg,0
0 (484).jpg,0
0 (485).jpg,0
0 (486).jpg,0
0 (487).jpg,0
0 (488).jpg,0
0 (489).jpg,0
0 (49).jpg,0
0 (490).jpg,0
0 (491).jpg,0
0 (492).jpg,0
0 (493).jpg,0
0 (494).jpg,0
0 (495).jpg,0
0 (496).jpg,0
0 (497).jpg,0
0 (498).jpg,0
0 (499).jpg,0
0 (5).jpg,0
0 (50).jpg,0
0 (500).jpg,0
0 (501).jpg,0
0 (502).jpg,0
0 (503).jpg,0
0 (504).jpg,0
0 (505).jpg,0
0 (506).jpg,0
0 (507).jpg,0
0 (508).jpg,0
0 (509).jpg,0
0 (51).jpg,0
0 (510).jpg,0
0 (511).jpg,0
0 (512).jpg,0
0 (513).jpg,0
0 (514).jpg,0
0 (515).jpg,0
0 (516).jpg,0
0 (517).jpg,0
0 (518).jpg,0
0 (519).jpg,0
0 (52).jpg,0
0 (520).jpg,0
0 (521).jpg,0
0 (522).jpg,0
0 (523).jpg,0
0 (524).jpg,0
0 (525).jpg,0
0 (526).jpg,0
0 (527).jpg,0
0 (528).jpg,0
0 (529).jpg,0
0 (53).jpg,0
0 (530).jpg,0
0 (531).jpg,0
0 (532).jpg,0
0 (533).jpg,0
0 (54).jpg,0
0 (55).jpg,0
0 (56).jpg,0
0 (57).jpg,0
0 (58).jpg,0
0 (59).jpg,0
0 (6).jpg,0
0 (60).jpg,0
0 (61).jpg,0
0 (62).jpg,0
0 (63).jpg,0
0 (64).jpg,0
0 (65).jpg,0
0 (66).jpg,0
0 (67).jpg,0
0 (68).jpg,0
0 (69).jpg,0
0 (7).jpg,0
0 (70).jpg,0
0 (71).jpg,0
0 (72).jpg,0
0 (73).jpg,0
0 (74).jpg,0
0 (75).jpg,0
0 (76).jpg,0
0 (77).jpg,0
0 (78).jpg,0
0 (79).jpg,0
0 (8).jpg,0
0 (80).jpg,0
0 (81).jpg,0
0 (82).jpg,0
0 (83).jpg,0
0 (84).jpg,0
0 (85).jpg,0
0 (86).jpg,0
0 (87).jpg,0
0 (88).jpg,0
0 (89).jpg,0
0 (9).jpg,0
0 (90).jpg,0
0 (91).jpg,0
0 (92).jpg,0
0 (93).jpg,0
0 (94).jpg,0
0 (95).jpg,0
0 (96).jpg,0
0 (97).jpg,0
0 (98).jpg,0
0 (99).jpg,0
1 (1).jpg,1
1 (10).jpg,1
1 (100).jpg,1
1 (101).jpg,1
1 (102).jpg,1
1 (103).jpg,1
1 (104).jpg,1
1 (105).jpg,1
1 (106).jpg,1
1 (107).jpg,1
1 (108).jpg,1
1 (109).jpg,1
1 (11).jpg,1
1 (110).jpg,1
1 (111).jpg,1
1 (112).jpg,1
1 (113).jpg,1
1 (114).jpg,1
1 (115).jpg,1
1 (116).jpg,1
1 (117).jpg,1
1 (118).jpg,1
1 (119).jpg,1
1 (12).jpg,1
1 (120).jpg,1
1 (121).jpg,1
1 (122).jpg,1
1 (123).jpg,1
1 (124).jpg,1
1 (125).jpg,1
1 (126).jpg,1
1 (127).jpg,1
1 (128).jpg,1
1 (129).jpg,1
1 (13).jpg,1
1 (130).jpg,1
1 (131).jpg,1
1 (132).jpg,1
1 (133).jpg,1
1 (134).jpg,1
1 (135).jpg,1
1 (136).jpg,1
1 (137).jpg,1
1 (138).jpg,1
1 (139).jpg,1
1 (14).jpg,1
1 (140).jpg,1
1 (141).jpg,1
1 (142).jpg,1
1 (143).jpg,1
1 (144).jpg,1
1 (145).jpg,1
1 (146).jpg,1
1 (147).jpg,1
1 (148).jpg,1
1 (149).jpg,1
1 (15).jpg,1
1 (150).jpg,1
1 (151).jpg,1
1 (152).jpg,1
1 (153).jpg,1
1 (154).jpg,1
1 (155).jpg,1
1 (156).jpg,1
1 (157).jpg,1
1 (158).jpg,1
1 (159).jpg,1
1 (16).jpg,1
1 (160).jpg,1
1 (161).jpg,1
1 (162).jpg,1
1 (163).jpg,1
1 (164).jpg,1
1 (165).jpg,1
1 (166).jpg,1
1 (167).jpg,1
1 (168).jpg,1
1 (169).jpg,1
1 (17).jpg,1
1 (170).jpg,1
1 (171).jpg,1
1 (172).jpg,1
1 (173).jpg,1
1 (174).jpg,1
1 (175).jpg,1
1 (176).jpg,1
1 (177).jpg,1
1 (178).jpg,1
1 (179).jpg,1
1 (18).jpg,1
1 (180).jpg,1
1 (181).jpg,1
1 (182).jpg,1
1 (183).jpg,1
1 (184).jpg,1
1 (185).jpg,1
1 (186).jpg,1
1 (187).jpg,1
1 (188).jpg,1
1 (189).jpg,1
1 (19).jpg,1
1 (190).jpg,1
1 (191).jpg,1
1 (192).jpg,1
1 (193).jpg,1
1 (194).jpg,1
1 (195).jpg,1
1 (196).jpg,1
1 (197).jpg,1
1 (198).jpg,1
1 (199).jpg,1
1 (2).jpg,1
1 (20).jpg,1
1 (200).jpg,1
1 (201).jpg,1
1 (202).jpg,1
1 (203).jpg,1
1 (204).jpg,1
1 (205).jpg,1
1 (206).jpg,1
1 (207).jpg,1
1 (208).jpg,1
1 (209).jpg,1
1 (21).jpg,1
1 (210).jpg,1
1 (211).jpg,1
1 (212).jpg,1
1 (213).jpg,1
1 (214).jpg,1
1 (215).jpg,1
1 (216).jpg,1
1 (217).jpg,1
1 (218).jpg,1
1 (219).jpg,1
1 (22).jpg,1
1 (220).jpg,1
1 (221).jpg,1
1 (222).jpg,1
1 (223).jpg,1
1 (224).jpg,1
1 (225).jpg,1
1 (226).jpg,1
1 (227).jpg,1
1 (228).jpg,1
1 (229).jpg,1
1 (23).jpg,1
1 (230).jpg,1
1 (231).jpg,1
1 (232).jpg,1
1 (233).jpg,1
1 (234).jpg,1
1 (235).jpg,1
1 (236).jpg,1
1 (237).jpg,1
1 (238).jpg,1
1 (239).jpg,1
1 (24).jpg,1
1 (240).jpg,1
1 (241).jpg,1
1 (242).jpg,1
1 (243).jpg,1
1 (244).jpg,1
1 (245).jpg,1
1 (246).jpg,1
1 (247).jpg,1
1 (248).jpg,1
1 (249).jpg,1
1 (25).jpg,1
1 (250).jpg,1
1 (251).jpg,1
1 (252).jpg,1
1 (253).jpg,1
1 (254).jpg,1
1 (255).jpg,1
1 (256).jpg,1
1 (257).jpg,1
1 (258).jpg,1
1 (259).jpg,1
1 (26).jpg,1
1 (260).jpg,1
1 (261).jpg,1
1 (262).jpg,1
1 (263).jpg,1
1 (264).jpg,1
1 (265).jpg,1
1 (266).jpg,1
1 (267).jpg,1
1 (268).jpg,1
1 (269).jpg,1
1 (27).jpg,1
1 (270).jpg,1
1 (271).jpg,1
1 (272).jpg,1
1 (273).jpg,1
1 (274).jpg,1
1 (275).jpg,1
1 (276).jpg,1
1 (277).jpg,1
1 (278).jpg,1
1 (279).jpg,1
1 (28).jpg,1
1 (280).jpg,1
1 (281).jpg,1
1 (282).jpg,1
1 (283).jpg,1
1 (284).jpg,1
1 (285).jpg,1
1 (286).jpg,1
1 (287).jpg,1
1 (288).jpg,1
1 (289).jpg,1
1 (29).jpg,1
1 (290).jpg,1
1 (291).jpg,1
1 (292).jpg,1
1 (293).jpg,1
1 (294).jpg,1
1 (295).jpg,1
1 (296).jpg,1
1 (297).jpg,1
1 (298).jpg,1
1 (299).jpg,1
1 (3).jpg,1
1 (30).jpg,1
1 (300).jpg,1
1 (301).jpg,1
1 (302).jpg,1
1 (303).jpg,1
1 (304).jpg,1
1 (305).jpg,1
1 (306).jpg,1
1 (307).jpg,1
1 (308).jpg,1
1 (309).jpg,1
1 (31).jpg,1
1 (310).jpg,1
1 (311).jpg,1
1 (312).jpg,1
1 (313).jpg,1
1 (314).jpg,1
1 (315).jpg,1
1 (316).jpg,1
1 (317).jpg,1
1 (318).jpg,1
1 (319).jpg,1
1 (32).jpg,1
1 (320).jpg,1
1 (321).jpg,1
1 (322).jpg,1
1 (323).jpg,1
1 (324).jpg,1
1 (325).jpg,1
1 (326).jpg,1
1 (327).jpg,1
1 (328).jpg,1
1 (329).jpg,1
1 (33).jpg,1
1 (330).jpg,1
1 (331).jpg,1
1 (332).jpg,1
1 (333).jpg,1
1 (334).jpg,1
1 (335).jpg,1
1 (336).jpg,1
1 (337).jpg,1
1 (338).jpg,1
1 (339).jpg,1
1 (34).jpg,1
1 (340).jpg,1
1 (341).jpg,1
1 (342).jpg,1
1 (343).jpg,1
1 (344).jpg,1
1 (345).jpg,1
1 (346).jpg,1
1 (347).jpg,1
1 (348).jpg,1
1 (349).jpg,1
1 (35).jpg,1
1 (350).jpg,1
1 (351).jpg,1
1 (352).jpg,1
1 (353).jpg,1
1 (354).jpg,1
1 (355).jpg,1
1 (356).jpg,1
1 (357).jpg,1
1 (358).jpg,1
1 (359).jpg,1
1 (36).jpg,1
1 (360).jpg,1
1 (361).jpg,1
1 (362).jpg,1
1 (363).jpg,1
1 (364).jpg,1
1 (365).jpg,1
1 (366).jpg,1
1 (367).jpg,1
1 (368).jpg,1
1 (369).jpg,1
1 (37).jpg,1
1 (370).jpg,1
1 (371).jpg,1
1 (372).jpg,1
1 (373).jpg,1
1 (374).jpg,1
1 (375).jpg,1
1 (376).jpg,1
1 (377).jpg,1
1 (378).jpg,1
1 (379).jpg,1
1 (38).jpg,1
1 (380).jpg,1
1 (381).jpg,1
1 (382).jpg,1
1 (383).jpg,1
1 (384).jpg,1
1 (385).jpg,1
1 (386).jpg,1
1 (387).jpg,1
1 (388).jpg,1
1 (389).jpg,1
1 (39).jpg,1
1 (390).jpg,1
1 (391).jpg,1
1 (392).jpg,1
1 (393).jpg,1
1 (394).jpg,1
1 (395).jpg,1
1 (396).jpg,1
1 (397).jpg,1
1 (398).jpg,1
1 (399).jpg,1
1 (4).jpg,1
1 (40).jpg,1
1 (400).jpg,1
1 (401).jpg,1
1 (402).jpg,1
1 (403).jpg,1
1 (404).jpg,1
1 (405).jpg,1
1 (406).jpg,1
1 (407).jpg,1
1 (408).jpg,1
1 (409).jpg,1
1 (41).jpg,1
1 (410).jpg,1
1 (411).jpg,1
1 (412).jpg,1
1 (413).jpg,1
1 (414).jpg,1
1 (415).jpg,1
1 (416).jpg,1
1 (417).jpg,1
1 (418).jpg,1
1 (419).jpg,1
1 (42).jpg,1
1 (420).jpg,1
1 (421).jpg,1
1 (422).jpg,1
1 (423).jpg,1
1 (424).jpg,1
1 (425).jpg,1
1 (426).jpg,1
1 (427).jpg,1
1 (428).jpg,1
1 (429).jpg,1
1 (43).jpg,1
1 (430).jpg,1
1 (431).jpg,1
1 (432).jpg,1
1 (433).jpg,1
1 (434).jpg,1
1 (435).jpg,1
1 (436).jpg,1
1 (437).jpg,1
1 (438).jpg,1
1 (439).jpg,1
1 (44).jpg,1
1 (440).jpg,1
1 (441).jpg,1
1 (442).jpg,1
1 (443).jpg,1
1 (444).jpg,1
1 (445).jpg,1
1 (446).jpg,1
1 (447).jpg,1
1 (448).jpg,1
1 (449).jpg,1
1 (45).jpg,1
1 (450).jpg,1
1 (451).jpg,1
1 (452).jpg,1
1 (453).jpg,1
1 (454).jpg,1
1 (455).jpg,1
1 (456).jpg,1
1 (457).jpg,1
1 (458).jpg,1
1 (459).jpg,1
1 (46).jpg,1
1 (460).jpg,1
1 (461).jpg,1
1 (462).jpg,1
1 (463).jpg,1
1 (464).jpg,1
1 (465).jpg,1
1 (466).jpg,1
1 (47).jpg,1
1 (48).jpg,1
1 (49).jpg,1
1 (5).jpg,1
1 (50).jpg,1
1 (51).jpg,1
1 (52).jpg,1
1 (53).jpg,1
1 (54).jpg,1
1 (55).jpg,1
1 (56).jpg,1
1 (57).jpg,1
1 (58).jpg,1
1 (59).jpg,1
1 (6).jpg,1
1 (60).jpg,1
1 (61).jpg,1
1 (62).jpg,1
1 (63).jpg,1
1 (64).jpg,1
1 (65).jpg,1
1 (66).jpg,1
1 (67).jpg,1
1 (68).jpg,1
1 (69).jpg,1
1 (7).jpg,1
1 (70).jpg,1
1 (71).jpg,1
1 (72).jpg,1
1 (73).jpg,1
1 (74).jpg,1
1 (75).jpg,1
1 (76).jpg,1
1 (77).jpg,1
1 (78).jpg,1
1 (79).jpg,1
1 (8).jpg,1
1 (80).jpg,1
1 (81).jpg,1
1 (82).jpg,1
1 (83).jpg,1
1 (84).jpg,1
1 (85).jpg,1
1 (86).jpg,1
1 (87).jpg,1
1 (88).jpg,1
1 (89).jpg,1
1 (9).jpg,1
1 (90).jpg,1
1 (91).jpg,1
1 (92).jpg,1
1 (93).jpg,1
1 (94).jpg,1
1 (95).jpg,1
1 (96).jpg,1
1 (97).jpg,1
1 (98).jpg,1
1 (99).jpg,1
2 (1).jpg,2
2 (10).jpg,2
2 (100).jpg,2
2 (101).jpg,2
2 (102).jpg,2
2 (103).jpg,2
2 (104).jpg,2
2 (105).jpg,2
2 (106).jpg,2
2 (107).jpg,2
2 (108).jpg,2
2 (109).jpg,2
2 (11).jpg,2
2 (110).jpg,2
2 (111).jpg,2
2 (112).jpg,2
2 (113).jpg,2
2 (114).jpg,2
2 (115).jpg,2
2 (116).jpg,2
2 (117).jpg,2
2 (118).jpg,2
2 (119).jpg,2
2 (12).jpg,2
2 (120).jpg,2
2 (121).jpg,2
2 (122).jpg,2
2 (123).jpg,2
2 (124).jpg,2
2 (125).jpg,2
2 (126).jpg,2
2 (127).jpg,2
2 (128).jpg,2
2 (129).jpg,2
2 (13).jpg,2
2 (130).jpg,2
2 (131).jpg,2
2 (132).jpg,2
2 (133).jpg,2
2 (134).jpg,2
2 (135).jpg,2
2 (136).jpg,2
2 (137).jpg,2
2 (138).jpg,2
2 (139).jpg,2
2 (14).jpg,2
2 (140).jpg,2
2 (141).jpg,2
2 (142).jpg,2
2 (143).jpg,2
2 (144).jpg,2
2 (145).jpg,2
2 (146).jpg,2
2 (147).jpg,2
2 (148).jpg,2
2 (149).jpg,2
2 (15).jpg,2
2 (150).jpg,2
2 (151).jpg,2
2 (152).jpg,2
2 (153).jpg,2
2 (154).jpg,2
2 (155).jpg,2
2 (156).jpg,2
2 (157).jpg,2
2 (158).jpg,2
2 (159).jpg,2
2 (16).jpg,2
2 (160).jpg,2
2 (161).jpg,2
2 (162).jpg,2
2 (163).jpg,2
2 (164).jpg,2
2 (165).jpg,2
2 (166).jpg,2
2 (167).jpg,2
2 (168).jpg,2
2 (169).jpg,2
2 (17).jpg,2
2 (170).jpg,2
2 (171).jpg,2
2 (172).jpg,2
2 (173).jpg,2
2 (174).jpg,2
2 (175).jpg,2
2 (176).jpg,2
2 (177).jpg,2
2 (178).jpg,2
2 (179).jpg,2
2 (18).jpg,2
2 (180).jpg,2
2 (181).jpg,2
2 (182).jpg,2
2 (183).jpg,2
2 (184).jpg,2
2 (185).jpg,2
2 (186).jpg,2
2 (187).jpg,2
2 (188).jpg,2
2 (189).jpg,2
2 (19).jpg,2
2 (190).jpg,2
2 (191).jpg,2
2 (192).jpg,2
2 (193).jpg,2
2 (194).jpg,2
2 (195).jpg,2
2 (196).jpg,2
2 (197).jpg,2
2 (198).jpg,2
2 (199).jpg,2
2 (2).jpg,2
2 (20).jpg,2
2 (200).jpg,2
2 (201).jpg,2
2 (202).jpg,2
2 (203).jpg,2
2 (204).jpg,2
2 (205).jpg,2
2 (206).jpg,2
2 (207).jpg,2
2 (208).jpg,2
2 (209).jpg,2
2 (21).jpg,2
2 (210).jpg,2
2 (211).jpg,2
2 (212).jpg,2
2 (213).jpg,2
2 (214).jpg,2
2 (215).jpg,2
2 (216).jpg,2
2 (217).jpg,2
2 (218).jpg,2
2 (219).jpg,2
2 (22).jpg,2
2 (220).jpg,2
2 (221).jpg,2
2 (222).jpg,2
2 (223).jpg,2
2 (224).jpg,2
2 (225).jpg,2
2 (226).jpg,2
2 (227).jpg,2
2 (228).jpg,2
2 (229).jpg,2
2 (23).jpg,2
2 (230).jpg,2
2 (231).jpg,2
2 (232).jpg,2
2 (233).jpg,2
2 (234).jpg,2
2 (235).jpg,2
2 (236).jpg,2
2 (237).jpg,2
2 (238).jpg,2
2 (239).jpg,2
2 (24).jpg,2
2 (240).jpg,2
2 (241).jpg,2
2 (242).jpg,2
2 (243).jpg,2
2 (244).jpg,2
2 (245).jpg,2
2 (246).jpg,2
2 (247).jpg,2
2 (248).jpg,2
2 (249).jpg,2
2 (25).jpg,2
2 (250).jpg,2
2 (251).jpg,2
2 (252).jpg,2
2 (253).jpg,2
2 (254).jpg,2
2 (255).jpg,2
2 (256).jpg,2
2 (257).jpg,2
2 (258).jpg,2
2 (259).jpg,2
2 (26).jpg,2
2 (260).jpg,2
2 (261).jpg,2
2 (262).jpg,2
2 (263).jpg,2
2 (264).jpg,2
2 (265).jpg,2
2 (266).jpg,2
2 (267).jpg,2
2 (268).jpg,2
2 (269).jpg,2
2 (27).jpg,2
2 (270).jpg,2
2 (271).jpg,2
2 (272).jpg,2
2 (273).jpg,2
2 (274).jpg,2
2 (275).jpg,2
2 (276).jpg,2
2 (277).jpg,2
2 (278).jpg,2
2 (279).jpg,2
2 (28).jpg,2
2 (280).jpg,2
2 (281).jpg,2
2 (282).jpg,2
2 (283).jpg,2
2 (284).jpg,2
2 (285).jpg,2
2 (286).jpg,2
2 (287).jpg,2
2 (288).jpg,2
2 (289).jpg,2
2 (29).jpg,2
2 (290).jpg,2
2 (291).jpg,2
2 (292).jpg,2
2 (293).jpg,2
2 (294).jpg,2
2 (295).jpg,2
2 (296).jpg,2
2 (297).jpg,2
2 (298).jpg,2
2 (299).jpg,2
2 (3).jpg,2
2 (30).jpg,2
2 (300).jpg,2
2 (301).jpg,2
2 (302).jpg,2
2 (303).jpg,2
2 (304).jpg,2
2 (305).jpg,2
2 (306).jpg,2
2 (307).jpg,2
2 (308).jpg,2
2 (309).jpg,2
2 (31).jpg,2
2 (310).jpg,2
2 (311).jpg,2
2 (312).jpg,2
2 (313).jpg,2
2 (314).jpg,2
2 (315).jpg,2
2 (316).jpg,2
2 (317).jpg,2
2 (318).jpg,2
2 (319).jpg,2
2 (32).jpg,2
2 (320).jpg,2
2 (321).jpg,2
2 (322).jpg,2
2 (323).jpg,2
2 (324).jpg,2
2 (325).jpg,2
2 (326).jpg,2
2 (327).jpg,2
2 (328).jpg,2
2 (329).jpg,2
2 (33).jpg,2
2 (330).jpg,2
2 (331).jpg,2
2 (332).jpg,2
2 (333).jpg,2
2 (334).jpg,2
2 (335).jpg,2
2 (336).jpg,2
2 (337).jpg,2
2 (338).jpg,2
2 (339).jpg,2
2 (34).jpg,2
2 (340).jpg,2
2 (341).jpg,2
2 (342).jpg,2
2 (343).jpg,2
2 (344).jpg,2
2 (345).jpg,2
2 (346).jpg,2
2 (347).jpg,2
2 (348).jpg,2
2 (349).jpg,2
2 (35).jpg,2
2 (350).jpg,2
2 (351).jpg,2
2 (352).jpg,2
2 (353).jpg,2
2 (354).jpg,2
2 (355).jpg,2
2 (356).jpg,2
2 (357).jpg,2
2 (358).jpg,2
2 (359).jpg,2
2 (36).jpg,2
2 (360).jpg,2
2 (361).jpg,2
2 (362).jpg,2
2 (363).jpg,2
2 (364).jpg,2
2 (365).jpg,2
2 (366).jpg,2
2 (367).jpg,2
2 (368).jpg,2
2 (369).jpg,2
2 (37).jpg,2
2 (370).jpg,2
2 (371).jpg,2
2 (372).jpg,2
2 (373).jpg,2
2 (374).jpg,2
2 (375).jpg,2
2 (376).jpg,2
2 (377).jpg,2
2 (378).jpg,2
2 (379).jpg,2
2 (38).jpg,2
2 (380).jpg,2
2 (381).jpg,2
2 (382).jpg,2
2 (383).jpg,2
2 (384).jpg,2
2 (385).jpg,2
2 (386).jpg,2
2 (387).jpg,2
2 (388).jpg,2
2 (389).jpg,2
2 (39).jpg,2
2 (390).jpg,2
2 (391).jpg,2
2 (392).jpg,2
2 (393).jpg,2
2 (394).jpg,2
2 (395).jpg,2
2 (396).jpg,2
2 (397).jpg,2
2 (398).jpg,2
2 (399).jpg,2
2 (4).jpg,2
2 (40).jpg,2
2 (400).jpg,2
2 (401).jpg,2
2 (402).jpg,2
2 (403).jpg,2
2 (404).jpg,2
2 (405).jpg,2
2 (406).jpg,2
2 (407).jpg,2
2 (408).jpg,2
2 (409).jpg,2
2 (41).jpg,2
2 (410).jpg,2
2 (411).jpg,2
2 (412).jpg,2
2 (413).jpg,2
2 (414).jpg,2
2 (415).jpg,2
2 (416).jpg,2
2 (417).jpg,2
2 (418).jpg,2
2 (419).jpg,2
2 (42).jpg,2
2 (420).jpg,2
2 (421).jpg,2
2 (422).jpg,2
2 (423).jpg,2
2 (424).jpg,2
2 (425).jpg,2
2 (426).jpg,2
2 (427).jpg,2
2 (428).jpg,2
2 (429).jpg,2
2 (43).jpg,2
2 (430).jpg,2
2 (431).jpg,2
2 (432).jpg,2
2 (433).jpg,2
2 (434).jpg,2
2 (435).jpg,2
2 (436).jpg,2
2 (437).jpg,2
2 (438).jpg,2
2 (439).jpg,2
2 (44).jpg,2
2 (440).jpg,2
2 (441).jpg,2
2 (442).jpg,2
2 (443).jpg,2
2 (444).jpg,2
2 (445).jpg,2
2 (446).jpg,2
2 (447).jpg,2
2 (448).jpg,2
2 (449).jpg,2
2 (45).jpg,2
2 (450).jpg,2
2 (451).jpg,2
2 (452).jpg,2
2 (453).jpg,2
2 (454).jpg,2
2 (455).jpg,2
2 (456).jpg,2
2 (457).jpg,2
2 (458).jpg,2
2 (459).jpg,2
2 (46).jpg,2
2 (460).jpg,2
2 (461).jpg,2
2 (462).jpg,2
2 (463).jpg,2
2 (464).jpg,2
2 (465).jpg,2
2 (466).jpg,2
2 (467).jpg,2
2 (468).jpg,2
2 (469).jpg,2
2 (47).jpg,2
2 (470).jpg,2
2 (471).jpg,2
2 (472).jpg,2
2 (473).jpg,2
2 (474).jpg,2
2 (475).jpg,2
2 (476).jpg,2
2 (477).jpg,2
2 (478).jpg,2
2 (479).jpg,2
2 (48).jpg,2
2 (480).jpg,2
2 (481).jpg,2
2 (482).jpg,2
2 (483).jpg,2
2 (484).jpg,2
2 (485).jpg,2
2 (486).jpg,2
2 (487).jpg,2
2 (488).jpg,2
2 (489).jpg,2
2 (49).jpg,2
2 (490).jpg,2
2 (491).jpg,2
2 (492).jpg,2
2 (493).jpg,2
2 (494).jpg,2
2 (495).jpg,2
2 (496).jpg,2
2 (5).jpg,2
2 (50).jpg,2
2 (51).jpg,2
2 (52).jpg,2
2 (53).jpg,2
2 (54).jpg,2
2 (55).jpg,2
2 (56).jpg,2
2 (57).jpg,2
2 (58).jpg,2
2 (59).jpg,2
2 (6).jpg,2
2 (60).jpg,2
2 (61).jpg,2
2 (62).jpg,2
2 (63).jpg,2
2 (64).jpg,2
2 (65).jpg,2
2 (66).jpg,2
2 (67).jpg,2
2 (68).jpg,2
2 (69).jpg,2
2 (7).jpg,2
2 (70).jpg,2
2 (71).jpg,2
2 (72).jpg,2
2 (73).jpg,2
2 (74).jpg,2
2 (75).jpg,2
2 (76).jpg,2
2 (77).jpg,2
2 (78).jpg,2
2 (79).jpg,2
2 (8).jpg,2
2 (80).jpg,2
2 (81).jpg,2
2 (82).jpg,2
2 (83).jpg,2
2 (84).jpg,2
2 (85).jpg,2
2 (86).jpg,2
2 (87).jpg,2
2 (88).jpg,2
2 (89).jpg,2
2 (9).jpg,2
2 (90).jpg,2
2 (91).jpg,2
2 (92).jpg,2
2 (93).jpg,2
2 (94).jpg,2
2 (95).jpg,2
2 (96).jpg,2
2 (97).jpg,2
2 (98).jpg,2
2 (99).jpg,2
3 (1).jpg,3
3 (10).jpg,3
3 (100).jpg,3
3 (101).jpg,3
3 (102).jpg,3
3 (103).jpg,3
3 (104).jpg,3
3 (105).jpg,3
3 (106).jpg,3
3 (107).jpg,3
3 (108).jpg,3
3 (109).jpg,3
3 (11).jpg,3
3 (110).jpg,3
3 (111).jpg,3
3 (112).jpg,3
3 (113).jpg,3
3 (114).jpg,3
3 (115).jpg,3
3 (116).jpg,3
3 (117).jpg,3
3 (118).jpg,3
3 (119).jpg,3
3 (12).jpg,3
3 (120).jpg,3
3 (121).jpg,3
3 (122).jpg,3
3 (123).jpg,3
3 (124).jpg,3
3 (125).jpg,3
3 (126).jpg,3
3 (127).jpg,3
3 (128).jpg,3
3 (129).jpg,3
3 (13).jpg,3
3 (130).jpg,3
3 (131).jpg,3
3 (132).jpg,3
3 (133).jpg,3
3 (134).jpg,3
3 (135).jpg,3
3 (136).jpg,3
3 (137).jpg,3
3 (138).jpg,3
3 (139).jpg,3
3 (14).jpg,3
3 (140).jpg,3
3 (141).jpg,3
3 (142).jpg,3
3 (143).jpg,3
3 (144).jpg,3
3 (145).jpg,3
3 (146).jpg,3
3 (147).jpg,3
3 (148).jpg,3
3 (149).jpg,3
3 (15).jpg,3
3 (150).jpg,3
3 (151).jpg,3
3 (152).jpg,3
3 (153).jpg,3
3 (154).jpg,3
3 (155).jpg,3
3 (156).jpg,3
3 (157).jpg,3
3 (158).jpg,3
3 (159).jpg,3
3 (16).jpg,3
3 (160).jpg,3
3 (161).jpg,3
3 (162).jpg,3
3 (163).jpg,3
3 (164).jpg,3
3 (165).jpg,3
3 (166).jpg,3
3 (167).jpg,3
3 (168).jpg,3
3 (169).jpg,3
3 (17).jpg,3
3 (170).jpg,3
3 (171).jpg,3
3 (172).jpg,3
3 (173).jpg,3
3 (174).jpg,3
3 (175).jpg,3
3 (176).jpg,3
3 (177).jpg,3
3 (178).jpg,3
3 (179).jpg,3
3 (18).jpg,3
3 (180).jpg,3
3 (181).jpg,3
3 (182).jpg,3
3 (183).jpg,3
3 (184).jpg,3
3 (185).jpg,3
3 (186).jpg,3
3 (187).jpg,3
3 (188).jpg,3
3 (189).jpg,3
3 (19).jpg,3
3 (190).jpg,3
3 (191).jpg,3
3 (192).jpg,3
3 (193).jpg,3
3 (194).jpg,3
3 (195).jpg,3
3 (196).jpg,3
3 (197).jpg,3
3 (198).jpg,3
3 (199).jpg,3
3 (2).jpg,3
3 (20).jpg,3
3 (200).jpg,3
3 (201).jpg,3
3 (202).jpg,3
3 (203).jpg,3
3 (204).jpg,3
3 (205).jpg,3
3 (206).jpg,3
3 (207).jpg,3
3 (208).jpg,3
3 (209).jpg,3
3 (21).jpg,3
3 (210).jpg,3
3 (211).jpg,3
3 (212).jpg,3
3 (213).jpg,3
3 (214).jpg,3
3 (215).jpg,3
3 (216).jpg,3
3 (217).jpg,3
3 (218).jpg,3
3 (219).jpg,3
3 (22).jpg,3
3 (220).jpg,3
3 (221).jpg,3
3 (222).jpg,3
3 (223).jpg,3
3 (224).jpg,3
3 (225).jpg,3
3 (226).jpg,3
3 (227).jpg,3
3 (228).jpg,3
3 (229).jpg,3
3 (23).jpg,3
3 (230).jpg,3
3 (231).jpg,3
3 (232).jpg,3
3 (233).jpg,3
3 (234).jpg,3
3 (235).jpg,3
3 (236).jpg,3
3 (237).jpg,3
3 (238).jpg,3
3 (239).jpg,3
3 (24).jpg,3
3 (240).jpg,3
3 (241).jpg,3
3 (242).jpg,3
3 (243).jpg,3
3 (244).jpg,3
3 (245).jpg,3
3 (246).jpg,3
3 (247).jpg,3
3 (248).jpg,3
3 (249).jpg,3
3 (25).jpg,3
3 (250).jpg,3
3 (251).jpg,3
3 (252).jpg,3
3 (253).jpg,3
3 (254).jpg,3
3 (255).jpg,3
3 (256).jpg,3
3 (257).jpg,3
3 (258).jpg,3
3 (259).jpg,3
3 (26).jpg,3
3 (260).jpg,3
3 (261).jpg,3
3 (262).jpg,3
3 (263).jpg,3
3 (264).jpg,3
3 (265).jpg,3
3 (266).jpg,3
3 (267).jpg,3
3 (268).jpg,3
3 (269).jpg,3
3 (27).jpg,3
3 (270).jpg,3
3 (271).jpg,3
3 (272).jpg,3
3 (273).jpg,3
3 (274).jpg,3
3 (275).jpg,3
3 (276).jpg,3
3 (277).jpg,3
3 (278).jpg,3
3 (279).jpg,3
3 (28).jpg,3
3 (280).jpg,3
3 (281).jpg,3
3 (282).jpg,3
3 (283).jpg,3
3 (284).jpg,3
3 (285).jpg,3
3 (286).jpg,3
3 (287).jpg,3
3 (288).jpg,3
3 (289).jpg,3
3 (29).jpg,3
3 (290).jpg,3
3 (291).jpg,3
3 (292).jpg,3
3 (293).jpg,3
3 (294).jpg,3
3 (295).jpg,3
3 (296).jpg,3
3 (297).jpg,3
3 (298).jpg,3
3 (299).jpg,3
3 (3).jpg,3
3 (30).jpg,3
3 (300).jpg,3
3 (301).jpg,3
3 (302).jpg,3
3 (303).jpg,3
3 (304).jpg,3
3 (305).jpg,3
3 (306).jpg,3
3 (307).jpg,3
3 (308).jpg,3
3 (309).jpg,3
3 (31).jpg,3
3 (310).jpg,3
3 (311).jpg,3
3 (312).jpg,3
3 (313).jpg,3
3 (314).jpg,3
3 (315).jpg,3
3 (316).jpg,3
3 (317).jpg,3
3 (318).jpg,3
3 (319).jpg,3
3 (32).jpg,3
3 (320).jpg,3
3 (321).jpg,3
3 (322).jpg,3
3 (323).jpg,3
3 (324).jpg,3
3 (325).jpg,3
3 (326).jpg,3
3 (327).jpg,3
3 (328).jpg,3
3 (329).jpg,3
3 (33).jpg,3
3 (330).jpg,3
3 (331).jpg,3
3 (332).jpg,3
3 (333).jpg,3
3 (334).jpg,3
3 (335).jpg,3
3 (336).jpg,3
3 (337).jpg,3
3 (338).jpg,3
3 (339).jpg,3
3 (34).jpg,3
3 (340).jpg,3
3 (341).jpg,3
3 (342).jpg,3
3 (343).jpg,3
3 (344).jpg,3
3 (345).jpg,3
3 (346).jpg,3
3 (347).jpg,3
3 (348).jpg,3
3 (349).jpg,3
3 (35).jpg,3
3 (350).jpg,3
3 (351).jpg,3
3 (352).jpg,3
3 (353).jpg,3
3 (354).jpg,3
3 (355).jpg,3
3 (356).jpg,3
3 (357).jpg,3
3 (358).jpg,3
3 (359).jpg,3
3 (36).jpg,3
3 (360).jpg,3
3 (361).jpg,3
3 (362).jpg,3
3 (363).jpg,3
3 (364).jpg,3
3 (365).jpg,3
3 (366).jpg,3
3 (367).jpg,3
3 (368).jpg,3
3 (369).jpg,3
3 (37).jpg,3
3 (370).jpg,3
3 (371).jpg,3
3 (372).jpg,3
3 (373).jpg,3
3 (374).jpg,3
3 (375).jpg,3
3 (376).jpg,3
3 (377).jpg,3
3 (378).jpg,3
3 (379).jpg,3
3 (38).jpg,3
3 (380).jpg,3
3 (381).jpg,3
3 (382).jpg,3
3 (383).jpg,3
3 (384).jpg,3
3 (385).jpg,3
3 (386).jpg,3
3 (387).jpg,3
3 (388).jpg,3
3 (389).jpg,3
3 (39).jpg,3
3 (390).jpg,3
3 (391).jpg,3
3 (392).jpg,3
3 (393).jpg,3
3 (394).jpg,3
3 (395).jpg,3
3 (396).jpg,3
3 (397).jpg,3
3 (398).jpg,3
3 (399).jpg,3
3 (4).jpg,3
3 (40).jpg,3
3 (400).jpg,3
3 (401).jpg,3
3 (402).jpg,3
3 (403).jpg,3
3 (404).jpg,3
3 (405).jpg,3
3 (406).jpg,3
3 (407).jpg,3
3 (408).jpg,3
3 (409).jpg,3
3 (41).jpg,3
3 (410).jpg,3
3 (411).jpg,3
3 (412).jpg,3
3 (413).jpg,3
3 (414).jpg,3
3 (415).jpg,3
3 (416).jpg,3
3 (417).jpg,3
3 (418).jpg,3
3 (419).jpg,3
3 (42).jpg,3
3 (420).jpg,3
3 (421).jpg,3
3 (422).jpg,3
3 (423).jpg,3
3 (424).jpg,3
3 (425).jpg,3
3 (426).jpg,3
3 (427).jpg,3
3 (428).jpg,3
3 (429).jpg,3
3 (43).jpg,3
3 (430).jpg,3
3 (431).jpg,3
3 (44).jpg,3
3 (45).jpg,3
3 (46).jpg,3
3 (47).jpg,3
3 (48).jpg,3
3 (49).jpg,3
3 (5).jpg,3
3 (50).jpg,3
3 (51).jpg,3
3 (52).jpg,3
3 (53).jpg,3
3 (54).jpg,3
3 (55).jpg,3
3 (56).jpg,3
3 (57).jpg,3
3 (58).jpg,3
3 (59).jpg,3
3 (6).jpg,3
3 (60).jpg,3
3 (61).jpg,3
3 (62).jpg,3
3 (63).jpg,3
3 (64).jpg,3
3 (65).jpg,3
3 (66).jpg,3
3 (67).jpg,3
3 (68).jpg,3
3 (69).jpg,3
3 (7).jpg,3
3 (70).jpg,3
3 (71).jpg,3
3 (72).jpg,3
3 (73).jpg,3
3 (74).jpg,3
3 (75).jpg,3
3 (76).jpg,3
3 (77).jpg,3
3 (78).jpg,3
3 (79).jpg,3
3 (8).jpg,3
3 (80).jpg,3
3 (81).jpg,3
3 (82).jpg,3
3 (83).jpg,3
3 (84).jpg,3
3 (85).jpg,3
3 (86).jpg,3
3 (87).jpg,3
3 (88).jpg,3
3 (89).jpg,3
3 (9).jpg,3
3 (90).jpg,3
3 (91).jpg,3
3 (92).jpg,3
3 (93).jpg,3
3 (94).jpg,3
3 (95).jpg,3
3 (96).jpg,3
3 (97).jpg,3
3 (98).jpg,3
3 (99).jpg,3
4 (1).jpg,4
4 (10).jpg,4
4 (100).jpg,4
4 (101).jpg,4
4 (102).jpg,4
4 (103).jpg,4
4 (104).jpg,4
4 (105).jpg,4
4 (106).jpg,4
4 (107).jpg,4
4 (108).jpg,4
4 (109).jpg,4
4 (11).jpg,4
4 (110).jpg,4
4 (111).jpg,4
4 (112).jpg,4
4 (113).jpg,4
4 (114).jpg,4
4 (115).jpg,4
4 (116).jpg,4
4 (117).jpg,4
4 (118).jpg,4
4 (119).jpg,4
4 (12).jpg,4
4 (120).jpg,4
4 (121).jpg,4
4 (122).jpg,4
4 (123).jpg,4
4 (124).jpg,4
4 (125).jpg,4
4 (126).jpg,4
4 (127).jpg,4
4 (128).jpg,4
4 (129).jpg,4
4 (13).jpg,4
4 (130).jpg,4
4 (131).jpg,4
4 (132).jpg,4
4 (133).jpg,4
4 (134).jpg,4
4 (135).jpg,4
4 (136).jpg,4
4 (137).jpg,4
4 (138).jpg,4
4 (139).jpg,4
4 (14).jpg,4
4 (140).jpg,4
4 (141).jpg,4
4 (142).jpg,4
4 (143).jpg,4
4 (144).jpg,4
4 (145).jpg,4
4 (146).jpg,4
4 (147).jpg,4
4 (148).jpg,4
4 (149).jpg,4
4 (15).jpg,4
4 (150).jpg,4
4 (151).jpg,4
4 (152).jpg,4
4 (153).jpg,4
4 (154).jpg,4
4 (155).jpg,4
4 (156).jpg,4
4 (157).jpg,4
4 (158).jpg,4
4 (159).jpg,4
4 (16).jpg,4
4 (160).jpg,4
4 (161).jpg,4
4 (162).jpg,4
4 (163).jpg,4
4 (164).jpg,4
4 (165).jpg,4
4 (166).jpg,4
4 (167).jpg,4
4 (168).jpg,4
4 (169).jpg,4
4 (17).jpg,4
4 (170).jpg,4
4 (171).jpg,4
4 (172).jpg,4
4 (173).jpg,4
4 (174).jpg,4
4 (175).jpg,4
4 (176).jpg,4
4 (177).jpg,4
4 (178).jpg,4
4 (179).jpg,4
4 (18).jpg,4
4 (180).jpg,4
4 (181).jpg,4
4 (182).jpg,4
4 (183).jpg,4
4 (184).jpg,4
4 (185).jpg,4
4 (186).jpg,4
4 (187).jpg,4
4 (188).jpg,4
4 (189).jpg,4
4 (19).jpg,4
4 (190).jpg,4
4 (191).jpg,4
4 (192).jpg,4
4 (193).jpg,4
4 (194).jpg,4
4 (195).jpg,4
4 (196).jpg,4
4 (197).jpg,4
4 (198).jpg,4
4 (199).jpg,4
4 (2).jpg,4
4 (20).jpg,4
4 (200).jpg,4
4 (201).jpg,4
4 (202).jpg,4
4 (203).jpg,4
4 (204).jpg,4
4 (205).jpg,4
4 (206).jpg,4
4 (207).jpg,4
4 (208).jpg,4
4 (209).jpg,4
4 (21).jpg,4
4 (210).jpg,4
4 (211).jpg,4
4 (212).jpg,4
4 (213).jpg,4
4 (214).jpg,4
4 (215).jpg,4
4 (216).jpg,4
4 (217).jpg,4
4 (218).jpg,4
4 (219).jpg,4
4 (22).jpg,4
4 (220).jpg,4
4 (221).jpg,4
4 (222).jpg,4
4 (223).jpg,4
4 (224).jpg,4
4 (225).jpg,4
4 (226).jpg,4
4 (227).jpg,4
4 (228).jpg,4
4 (229).jpg,4
4 (23).jpg,4
4 (230).jpg,4
4 (231).jpg,4
4 (232).jpg,4
4 (233).jpg,4
4 (234).jpg,4
4 (235).jpg,4
4 (236).jpg,4
4 (237).jpg,4
4 (238).jpg,4
4 (239).jpg,4
4 (24).jpg,4
4 (240).jpg,4
4 (241).jpg,4
4 (242).jpg,4
4 (243).jpg,4
4 (244).jpg,4
4 (245).jpg,4
4 (246).jpg,4
4 (247).jpg,4
4 (248).jpg,4
4 (249).jpg,4
4 (25).jpg,4
4 (250).jpg,4
4 (251).jpg,4
4 (252).jpg,4
4 (253).jpg,4
4 (254).jpg,4
4 (255).jpg,4
4 (256).jpg,4
4 (257).jpg,4
4 (258).jpg,4
4 (259).jpg,4
4 (26).jpg,4
4 (260).jpg,4
4 (261).jpg,4
4 (262).jpg,4
4 (263).jpg,4
4 (264).jpg,4
4 (265).jpg,4
4 (266).jpg,4
4 (267).jpg,4
4 (268).jpg,4
4 (269).jpg,4
4 (27).jpg,4
4 (270).jpg,4
4 (271).jpg,4
4 (272).jpg,4
4 (273).jpg,4
4 (274).jpg,4
4 (275).jpg,4
4 (276).jpg,4
4 (277).jpg,4
4 (278).jpg,4
4 (279).jpg,4
4 (28).jpg,4
4 (280).jpg,4
4 (281).jpg,4
4 (282).jpg,4
4 (283).jpg,4
4 (284).jpg,4
4 (285).jpg,4
4 (286).jpg,4
4 (287).jpg,4
4 (288).jpg,4
4 (289).jpg,4
4 (29).jpg,4
4 (290).jpg,4
4 (291).jpg,4
4 (292).jpg,4
4 (293).jpg,4
4 (294).jpg,4
4 (295).jpg,4
4 (296).jpg,4
4 (297).jpg,4
4 (298).jpg,4
4 (299).jpg,4
4 (3).jpg,4
4 (30).jpg,4
4 (300).jpg,4
4 (301).jpg,4
4 (302).jpg,4
4 (303).jpg,4
4 (304).jpg,4
4 (305).jpg,4
4 (306).jpg,4
4 (307).jpg,4
4 (308).jpg,4
4 (309).jpg,4
4 (31).jpg,4
4 (310).jpg,4
4 (311).jpg,4
4 (312).jpg,4
4 (313).jpg,4
4 (314).jpg,4
4 (315).jpg,4
4 (316).jpg,4
4 (317).jpg,4
4 (318).jpg,4
4 (319).jpg,4
4 (32).jpg,4
4 (320).jpg,4
4 (321).jpg,4
4 (322).jpg,4
4 (323).jpg,4
4 (324).jpg,4
4 (325).jpg,4
4 (326).jpg,4
4 (327).jpg,4
4 (328).jpg,4
4 (329).jpg,4
4 (33).jpg,4
4 (330).jpg,4
4 (331).jpg,4
4 (332).jpg,4
4 (333).jpg,4
4 (334).jpg,4
4 (335).jpg,4
4 (336).jpg,4
4 (337).jpg,4
4 (338).jpg,4
4 (339).jpg,4
4 (34).jpg,4
4 (340).jpg,4
4 (341).jpg,4
4 (342).jpg,4
4 (343).jpg,4
4 (344).jpg,4
4 (345).jpg,4
4 (346).jpg,4
4 (347).jpg,4
4 (348).jpg,4
4 (349).jpg,4
4 (35).jpg,4
4 (350).jpg,4
4 (351).jpg,4
4 (352).jpg,4
4 (353).jpg,4
4 (354).jpg,4
4 (355).jpg,4
4 (356).jpg,4
4 (357).jpg,4
4 (358).jpg,4
4 (359).jpg,4
4 (36).jpg,4
4 (360).jpg,4
4 (361).jpg,4
4 (362).jpg,4
4 (363).jpg,4
4 (364).jpg,4
4 (365).jpg,4
4 (366).jpg,4
4 (367).jpg,4
4 (368).jpg,4
4 (369).jpg,4
4 (37).jpg,4
4 (370).jpg,4
4 (371).jpg,4
4 (372).jpg,4
4 (373).jpg,4
4 (374).jpg,4
4 (375).jpg,4
4 (376).jpg,4
4 (377).jpg,4
4 (378).jpg,4
4 (379).jpg,4
4 (38).jpg,4
4 (380).jpg,4
4 (381).jpg,4
4 (382).jpg,4
4 (383).jpg,4
4 (384).jpg,4
4 (385).jpg,4
4 (386).jpg,4
4 (387).jpg,4
4 (388).jpg,4
4 (389).jpg,4
4 (39).jpg,4
4 (390).jpg,4
4 (391).jpg,4
4 (392).jpg,4
4 (393).jpg,4
4 (394).jpg,4
4 (395).jpg,4
4 (396).jpg,4
4 (397).jpg,4
4 (398).jpg,4
4 (399).jpg,4
4 (4).jpg,4
4 (40).jpg,4
4 (400).jpg,4
4 (401).jpg,4
4 (402).jpg,4
4 (403).jpg,4
4 (404).jpg,4
4 (405).jpg,4
4 (406).jpg,4
4 (407).jpg,4
4 (408).jpg,4
4 (409).jpg,4
4 (41).jpg,4
4 (410).jpg,4
4 (411).jpg,4
4 (412).jpg,4
4 (413).jpg,4
4 (414).jpg,4
4 (415).jpg,4
4 (416).jpg,4
4 (417).jpg,4
4 (418).jpg,4
4 (419).jpg,4
4 (42).jpg,4
4 (420).jpg,4
4 (421).jpg,4
4 (422).jpg,4
4 (423).jpg,4
4 (424).jpg,4
4 (425).jpg,4
4 (426).jpg,4
4 (427).jpg,4
4 (428).jpg,4
4 (429).jpg,4
4 (43).jpg,4
4 (430).jpg,4
4 (431).jpg,4
4 (432).jpg,4
4 (433).jpg,4
4 (434).jpg,4
4 (435).jpg,4
4 (436).jpg,4
4 (437).jpg,4
4 (438).jpg,4
4 (439).jpg,4
4 (44).jpg,4
4 (440).jpg,4
4 (441).jpg,4
4 (442).jpg,4
4 (443).jpg,4
4 (444).jpg,4
4 (445).jpg,4
4 (446).jpg,4
4 (447).jpg,4
4 (448).jpg,4
4 (449).jpg,4
4 (45).jpg,4
4 (450).jpg,4
4 (451).jpg,4
4 (452).jpg,4
4 (453).jpg,4
4 (454).jpg,4
4 (455).jpg,4
4 (456).jpg,4
4 (457).jpg,4
4 (458).jpg,4
4 (459).jpg,4
4 (46).jpg,4
4 (460).jpg,4
4 (461).jpg,4
4 (462).jpg,4
4 (463).jpg,4
4 (464).jpg,4
4 (465).jpg,4
4 (466).jpg,4
4 (467).jpg,4
4 (468).jpg,4
4 (469).jpg,4
4 (47).jpg,4
4 (48).jpg,4
4 (49).jpg,4
4 (5).jpg,4
4 (50).jpg,4
4 (51).jpg,4
4 (52).jpg,4
4 (53).jpg,4
4 (54).jpg,4
4 (55).jpg,4
4 (56).jpg,4
4 (57).jpg,4
4 (58).jpg,4
4 (59).jpg,4
4 (6).jpg,4
4 (60).jpg,4
4 (61).jpg,4
4 (62).jpg,4
4 (63).jpg,4
4 (64).jpg,4
4 (65).jpg,4
4 (66).jpg,4
4 (67).jpg,4
4 (68).jpg,4
4 (69).jpg,4
4 (7).jpg,4
4 (70).jpg,4
4 (71).jpg,4
4 (72).jpg,4
4 (73).jpg,4
4 (74).jpg,4
4 (75).jpg,4
4 (76).jpg,4
4 (77).jpg,4
4 (78).jpg,4
4 (79).jpg,4
4 (8).jpg,4
4 (80).jpg,4
4 (81).jpg,4
4 (82).jpg,4
4 (83).jpg,4
4 (84).jpg,4
4 (85).jpg,4
4 (86).jpg,4
4 (87).jpg,4
4 (88).jpg,4
4 (89).jpg,4
4 (9).jpg,4
4 (90).jpg,4
4 (91).jpg,4
4 (92).jpg,4
4 (93).jpg,4
4 (94).jpg,4
4 (95).jpg,4
4 (96).jpg,4
4 (97).jpg,4
4 (98).jpg,4
4 (99).jpg,4
5 (1).jpg,5
5 (10).jpg,5
5 (100).jpg,5
5 (101).jpg,5
5 (102).jpg,5
5 (103).jpg,5
5 (104).jpg,5
5 (105).jpg,5
5 (106).jpg,5
5 (107).jpg,5
5 (108).jpg,5
5 (109).jpg,5
5 (11).jpg,5
5 (110).jpg,5
5 (111).jpg,5
5 (112).jpg,5
5 (113).jpg,5
5 (114).jpg,5
5 (115).jpg,5
5 (116).jpg,5
5 (117).jpg,5
5 (118).jpg,5
5 (119).jpg,5
5 (12).jpg,5
5 (120).jpg,5
5 (121).jpg,5
5 (122).jpg,5
5 (123).jpg,5
5 (124).jpg,5
5 (125).jpg,5
5 (126).jpg,5
5 (127).jpg,5
5 (128).jpg,5
5 (129).jpg,5
5 (13).jpg,5
5 (130).jpg,5
5 (131).jpg,5
5 (132).jpg,5
5 (133).jpg,5
5 (134).jpg,5
5 (135).jpg,5
5 (136).jpg,5
5 (137).jpg,5
5 (138).jpg,5
5 (139).jpg,5
5 (14).jpg,5
5 (140).jpg,5
5 (141).jpg,5
5 (142).jpg,5
5 (143).jpg,5
5 (144).jpg,5
5 (145).jpg,5
5 (146).jpg,5
5 (147).jpg,5
5 (148).jpg,5
5 (149).jpg,5
5 (15).jpg,5
5 (150).jpg,5
5 (151).jpg,5
5 (152).jpg,5
5 (153).jpg,5
5 (154).jpg,5
5 (155).jpg,5
5 (156).jpg,5
5 (157).jpg,5
5 (158).jpg,5
5 (159).jpg,5
5 (16).jpg,5
5 (160).jpg,5
5 (161).jpg,5
5 (162).jpg,5
5 (163).jpg,5
5 (164).jpg,5
5 (165).jpg,5
5 (166).jpg,5
5 (167).jpg,5
5 (168).jpg,5
5 (169).jpg,5
5 (17).jpg,5
5 (170).jpg,5
5 (171).jpg,5
5 (172).jpg,5
5 (173).jpg,5
5 (174).jpg,5
5 (175).jpg,5
5 (176).jpg,5
5 (177).jpg,5
5 (178).jpg,5
5 (179).jpg,5
5 (18).jpg,5
5 (180).jpg,5
5 (181).jpg,5
5 (182).jpg,5
5 (183).jpg,5
5 (184).jpg,5
5 (185).jpg,5
5 (186).jpg,5
5 (187).jpg,5
5 (188).jpg,5
5 (189).jpg,5
5 (19).jpg,5
5 (190).jpg,5
5 (191).jpg,5
5 (192).jpg,5
5 (193).jpg,5
5 (194).jpg,5
5 (195).jpg,5
5 (196).jpg,5
5 (197).jpg,5
5 (198).jpg,5
5 (199).jpg,5
5 (2).jpg,5
5 (20).jpg,5
5 (200).jpg,5
5 (201).jpg,5
5 (202).jpg,5
5 (203).jpg,5
5 (204).jpg,5
5 (205).jpg,5
5 (206).jpg,5
5 (207).jpg,5
5 (208).jpg,5
5 (209).jpg,5
5 (21).jpg,5
5 (210).jpg,5
5 (211).jpg,5
5 (212).jpg,5
5 (213).jpg,5
5 (214).jpg,5
5 (215).jpg,5
5 (216).jpg,5
5 (217).jpg,5
5 (218).jpg,5
5 (219).jpg,5
5 (22).jpg,5
5 (220).jpg,5
5 (221).jpg,5
5 (222).jpg,5
5 (223).jpg,5
5 (224).jpg,5
5 (225).jpg,5
5 (226).jpg,5
5 (227).jpg,5
5 (228).jpg,5
5 (229).jpg,5
5 (23).jpg,5
5 (230).jpg,5
5 (231).jpg,5
5 (232).jpg,5
5 (233).jpg,5
5 (234).jpg,5
5 (235).jpg,5
5 (236).jpg,5
5 (237).jpg,5
5 (238).jpg,5
5 (239).jpg,5
5 (24).jpg,5
5 (240).jpg,5
5 (241).jpg,5
5 (242).jpg,5
5 (243).jpg,5
5 (244).jpg,5
5 (245).jpg,5
5 (246).jpg,5
5 (247).jpg,5
5 (248).jpg,5
5 (249).jpg,5
5 (25).jpg,5
5 (250).jpg,5
5 (251).jpg,5
5 (252).jpg,5
5 (253).jpg,5
5 (254).jpg,5
5 (255).jpg,5
5 (256).jpg,5
5 (257).jpg,5
5 (258).jpg,5
5 (259).jpg,5
5 (26).jpg,5
5 (260).jpg,5
5 (261).jpg,5
5 (262).jpg,5
5 (263).jpg,5
5 (264).jpg,5
5 (265).jpg,5
5 (266).jpg,5
5 (267).jpg,5
5 (268).jpg,5
5 (269).jpg,5
5 (27).jpg,5
5 (270).jpg,5
5 (271).jpg,5
5 (272).jpg,5
5 (273).jpg,5
5 (274).jpg,5
5 (275).jpg,5
5 (276).jpg,5
5 (277).jpg,5
5 (278).jpg,5
5 (279).jpg,5
5 (28).jpg,5
5 (280).jpg,5
5 (281).jpg,5
5 (282).jpg,5
5 (283).jpg,5
5 (284).jpg,5
5 (285).jpg,5
5 (286).jpg,5
5 (287).jpg,5
5 (288).jpg,5
5 (289).jpg,5
5 (29).jpg,5
5 (290).jpg,5
5 (291).jpg,5
5 (292).jpg,5
5 (293).jpg,5
5 (294).jpg,5
5 (295).jpg,5
5 (296).jpg,5
5 (297).jpg,5
5 (298).jpg,5
5 (299).jpg,5
5 (3).jpg,5
5 (30).jpg,5
5 (300).jpg,5
5 (301).jpg,5
5 (302).jpg,5
5 (303).jpg,5
5 (304).jpg,5
5 (305).jpg,5
5 (306).jpg,5
5 (307).jpg,5
5 (308).jpg,5
5 (309).jpg,5
5 (31).jpg,5
5 (310).jpg,5
5 (311).jpg,5
5 (312).jpg,5
5 (313).jpg,5
5 (314).jpg,5
5 (315).jpg,5
5 (316).jpg,5
5 (317).jpg,5
5 (318).jpg,5
5 (319).jpg,5
5 (32).jpg,5
5 (320).jpg,5
5 (321).jpg,5
5 (322).jpg,5
5 (323).jpg,5
5 (324).jpg,5
5 (325).jpg,5
5 (326).jpg,5
5 (327).jpg,5
5 (328).jpg,5
5 (329).jpg,5
5 (33).jpg,5
5 (330).jpg,5
5 (331).jpg,5
5 (332).jpg,5
5 (333).jpg,5
5 (334).jpg,5
5 (335).jpg,5
5 (336).jpg,5
5 (337).jpg,5
5 (338).jpg,5
5 (339).jpg,5
5 (34).jpg,5
5 (340).jpg,5
5 (341).jpg,5
5 (342).jpg,5
5 (343).jpg,5
5 (344).jpg,5
5 (345).jpg,5
5 (346).jpg,5
5 (347).jpg,5
5 (348).jpg,5
5 (349).jpg,5
5 (35).jpg,5
5 (350).jpg,5
5 (351).jpg,5
5 (352).jpg,5
5 (353).jpg,5
5 (354).jpg,5
5 (355).jpg,5
5 (356).jpg,5
5 (357).jpg,5
5 (358).jpg,5
5 (359).jpg,5
5 (36).jpg,5
5 (360).jpg,5
5 (361).jpg,5
5 (362).jpg,5
5 (363).jpg,5
5 (364).jpg,5
5 (365).jpg,5
5 (366).jpg,5
5 (367).jpg,5
5 (368).jpg,5
5 (369).jpg,5
5 (37).jpg,5
5 (370).jpg,5
5 (371).jpg,5
5 (372).jpg,5
5 (373).jpg,5
5 (374).jpg,5
5 (375).jpg,5
5 (376).jpg,5
5 (377).jpg,5
5 (378).jpg,5
5 (379).jpg,5
5 (38).jpg,5
5 (380).jpg,5
5 (381).jpg,5
5 (382).jpg,5
5 (383).jpg,5
5 (384).jpg,5
5 (385).jpg,5
5 (386).jpg,5
5 (387).jpg,5
5 (388).jpg,5
5 (389).jpg,5
5 (39).jpg,5
5 (390).jpg,5
5 (391).jpg,5
5 (392).jpg,5
5 (393).jpg,5
5 (394).jpg,5
5 (395).jpg,5
5 (396).jpg,5
5 (397).jpg,5
5 (398).jpg,5
5 (399).jpg,5
5 (4).jpg,5
5 (40).jpg,5
5 (400).jpg,5
5 (401).jpg,5
5 (402).jpg,5
5 (403).jpg,5
5 (404).jpg,5
5 (405).jpg,5
5 (406).jpg,5
5 (407).jpg,5
5 (408).jpg,5
5 (409).jpg,5
5 (41).jpg,5
5 (410).jpg,5
5 (411).jpg,5
5 (412).jpg,5
5 (413).jpg,5
5 (414).jpg,5
5 (415).jpg,5
5 (416).jpg,5
5 (417).jpg,5
5 (418).jpg,5
5 (419).jpg,5
5 (42).jpg,5
5 (420).jpg,5
5 (421).jpg,5
5 (422).jpg,5
5 (423).jpg,5
5 (424).jpg,5
5 (425).jpg,5
5 (426).jpg,5
5 (427).jpg,5
5 (428).jpg,5
5 (429).jpg,5
5 (43).jpg,5
5 (430).jpg,5
5 (431).jpg,5
5 (432).jpg,5
5 (433).jpg,5
5 (434).jpg,5
5 (435).jpg,5
5 (436).jpg,5
5 (437).jpg,5
5 (438).jpg,5
5 (439).jpg,5
5 (44).jpg,5
5 (440).jpg,5
5 (441).jpg,5
5 (442).jpg,5
5 (443).jpg,5
5 (444).jpg,5
5 (445).jpg,5
5 (446).jpg,5
5 (447).jpg,5
5 (448).jpg,5
5 (449).jpg,5
5 (45).jpg,5
5 (450).jpg,5
5 (451).jpg,5
5 (452).jpg,5
5 (453).jpg,5
5 (454).jpg,5
5 (455).jpg,5
5 (456).jpg,5
5 (457).jpg,5
5 (458).jpg,5
5 (459).jpg,5
5 (46).jpg,5
5 (460).jpg,5
5 (461).jpg,5
5 (462).jpg,5
5 (463).jpg,5
5 (464).jpg,5
5 (465).jpg,5
5 (466).jpg,5
5 (467).jpg,5
5 (468).jpg,5
5 (469).jpg,5
5 (47).jpg,5
5 (470).jpg,5
5 (471).jpg,5
5 (472).jpg,5
5 (473).jpg,5
5 (474).jpg,5
5 (475).jpg,5
5 (476).jpg,5
5 (477).jpg,5
5 (478).jpg,5
5 (479).jpg,5
5 (48).jpg,5
5 (480).jpg,5
5 (481).jpg,5
5 (482).jpg,5
5 (483).jpg,5
5 (484).jpg,5
5 (485).jpg,5
5 (486).jpg,5
5 (487).jpg,5
5 (488).jpg,5
5 (489).jpg,5
5 (49).jpg,5
5 (490).jpg,5
5 (491).jpg,5
5 (492).jpg,5
5 (493).jpg,5
5 (494).jpg,5
5 (5).jpg,5
5 (50).jpg,5
5 (51).jpg,5
5 (52).jpg,5
5 (53).jpg,5
5 (54).jpg,5
5 (55).jpg,5
5 (56).jpg,5
5 (57).jpg,5
5 (58).jpg,5
5 (59).jpg,5
5 (6).jpg,5
5 (60).jpg,5
5 (61).jpg,5
5 (62).jpg,5
5 (63).jpg,5
5 (64).jpg,5
5 (65).jpg,5
5 (66).jpg,5
5 (67).jpg,5
5 (68).jpg,5
5 (69).jpg,5
5 (7).jpg,5
5 (70).jpg,5
5 (71).jpg,5
5 (72).jpg,5
5 (73).jpg,5
5 (74).jpg,5
5 (75).jpg,5
5 (76).jpg,5
5 (77).jpg,5
5 (78).jpg,5
5 (79).jpg,5
5 (8).jpg,5
5 (80).jpg,5
5 (81).jpg,5
5 (82).jpg,5
5 (83).jpg,5
5 (84).jpg,5
5 (85).jpg,5
5 (86).jpg,5
5 (87).jpg,5
5 (88).jpg,5
5 (89).jpg,5
5 (9).jpg,5
5 (90).jpg,5
5 (91).jpg,5
5 (92).jpg,5
5 (93).jpg,5
5 (94).jpg,5
5 (95).jpg,5
5 (96).jpg,5
5 (97).jpg,5
5 (98).jpg,5
5 (99).jpg,5
6 (1).jpg,6
6 (10).jpg,6
6 (100).jpg,6
6 (101).jpg,6
6 (102).jpg,6
6 (103).jpg,6
6 (104).jpg,6
6 (105).jpg,6
6 (106).jpg,6
6 (107).jpg,6
6 (108).jpg,6
6 (109).jpg,6
6 (11).jpg,6
6 (110).jpg,6
6 (111).jpg,6
6 (112).jpg,6
6 (113).jpg,6
6 (114).jpg,6
6 (115).jpg,6
6 (116).jpg,6
6 (117).jpg,6
6 (118).jpg,6
6 (119).jpg,6
6 (12).jpg,6
6 (120).jpg,6
6 (121).jpg,6
6 (122).jpg,6
6 (123).jpg,6
6 (124).jpg,6
6 (125).jpg,6
6 (126).jpg,6
6 (127).jpg,6
6 (128).jpg,6
6 (129).jpg,6
6 (13).jpg,6
6 (130).jpg,6
6 (131).jpg,6
6 (132).jpg,6
6 (133).jpg,6
6 (134).jpg,6
6 (135).jpg,6
6 (136).jpg,6
6 (137).jpg,6
6 (138).jpg,6
6 (139).jpg,6
6 (14).jpg,6
6 (140).jpg,6
6 (141).jpg,6
6 (142).jpg,6
6 (143).jpg,6
6 (144).jpg,6
6 (145).jpg,6
6 (146).jpg,6
6 (147).jpg,6
6 (148).jpg,6
6 (149).jpg,6
6 (15).jpg,6
6 (150).jpg,6
6 (151).jpg,6
6 (152).jpg,6
6 (153).jpg,6
6 (154).jpg,6
6 (155).jpg,6
6 (156).jpg,6
6 (157).jpg,6
6 (158).jpg,6
6 (159).jpg,6
6 (16).jpg,6
6 (160).jpg,6
6 (161).jpg,6
6 (162).jpg,6
6 (163).jpg,6
6 (164).jpg,6
6 (165).jpg,6
6 (166).jpg,6
6 (167).jpg,6
6 (168).jpg,6
6 (169).jpg,6
6 (17).jpg,6
6 (170).jpg,6
6 (171).jpg,6
6 (172).jpg,6
6 (173).jpg,6
6 (174).jpg,6
6 (175).jpg,6
6 (176).jpg,6
6 (177).jpg,6
6 (178).jpg,6
6 (179).jpg,6
6 (18).jpg,6
6 (180).jpg,6
6 (181).jpg,6
6 (182).jpg,6
6 (183).jpg,6
6 (184).jpg,6
6 (185).jpg,6
6 (186).jpg,6
6 (187).jpg,6
6 (188).jpg,6
6 (189).jpg,6
6 (19).jpg,6
6 (190).jpg,6
6 (191).jpg,6
6 (192).jpg,6
6 (193).jpg,6
6 (194).jpg,6
6 (195).jpg,6
6 (196).jpg,6
6 (197).jpg,6
6 (198).jpg,6
6 (199).jpg,6
6 (2).jpg,6
6 (20).jpg,6
6 (200).jpg,6
6 (201).jpg,6
6 (202).jpg,6
6 (203).jpg,6
6 (204).jpg,6
6 (205).jpg,6
6 (206).jpg,6
6 (207).jpg,6
6 (208).jpg,6
6 (209).jpg,6
6 (21).jpg,6
6 (210).jpg,6
6 (211).jpg,6
6 (212).jpg,6
6 (213).jpg,6
6 (214).jpg,6
6 (215).jpg,6
6 (216).jpg,6
6 (217).jpg,6
6 (218).jpg,6
6 (219).jpg,6
6 (22).jpg,6
6 (220).jpg,6
6 (221).jpg,6
6 (222).jpg,6
6 (223).jpg,6
6 (224).jpg,6
6 (225).jpg,6
6 (226).jpg,6
6 (227).jpg,6
6 (228).jpg,6
6 (229).jpg,6
6 (23).jpg,6
6 (230).jpg,6
6 (231).jpg,6
6 (232).jpg,6
6 (233).jpg,6
6 (234).jpg,6
6 (235).jpg,6
6 (236).jpg,6
6 (237).jpg,6
6 (238).jpg,6
6 (239).jpg,6
6 (24).jpg,6
6 (240).jpg,6
6 (241).jpg,6
6 (242).jpg,6
6 (243).jpg,6
6 (244).jpg,6
6 (245).jpg,6
6 (246).jpg,6
6 (247).jpg,6
6 (248).jpg,6
6 (249).jpg,6
6 (25).jpg,6
6 (250).jpg,6
6 (251).jpg,6
6 (252).jpg,6
6 (253).jpg,6
6 (254).jpg,6
6 (255).jpg,6
6 (256).jpg,6
6 (257).jpg,6
6 (258).jpg,6
6 (259).jpg,6
6 (26).jpg,6
6 (260).jpg,6
6 (261).jpg,6
6 (262).jpg,6
6 (263).jpg,6
6 (264).jpg,6
6 (265).jpg,6
6 (266).jpg,6
6 (267).jpg,6
6 (268).jpg,6
6 (269).jpg,6
6 (27).jpg,6
6 (270).jpg,6
6 (271).jpg,6
6 (272).jpg,6
6 (273).jpg,6
6 (274).jpg,6
6 (275).jpg,6
6 (276).jpg,6
6 (277).jpg,6
6 (278).jpg,6
6 (279).jpg,6
6 (28).jpg,6
6 (280).jpg,6
6 (281).jpg,6
6 (282).jpg,6
6 (283).jpg,6
6 (284).jpg,6
6 (285).jpg,6
6 (286).jpg,6
6 (287).jpg,6
6 (288).jpg,6
6 (289).jpg,6
6 (29).jpg,6
6 (290).jpg,6
6 (291).jpg,6
6 (292).jpg,6
6 (293).jpg,6
6 (294).jpg,6
6 (295).jpg,6
6 (296).jpg,6
6 (297).jpg,6
6 (298).jpg,6
6 (299).jpg,6
6 (3).jpg,6
6 (30).jpg,6
6 (300).jpg,6
6 (301).jpg,6
6 (302).jpg,6
6 (303).jpg,6
6 (304).jpg,6
6 (305).jpg,6
6 (306).jpg,6
6 (307).jpg,6
6 (308).jpg,6
6 (309).jpg,6
6 (31).jpg,6
6 (310).jpg,6
6 (311).jpg,6
6 (312).jpg,6
6 (313).jpg,6
6 (314).jpg,6
6 (315).jpg,6
6 (316).jpg,6
6 (317).jpg,6
6 (318).jpg,6
6 (319).jpg,6
6 (32).jpg,6
6 (320).jpg,6
6 (321).jpg,6
6 (322).jpg,6
6 (323).jpg,6
6 (324).jpg,6
6 (325).jpg,6
6 (326).jpg,6
6 (327).jpg,6
6 (328).jpg,6
6 (329).jpg,6
6 (33).jpg,6
6 (330).jpg,6
6 (331).jpg,6
6 (332).jpg,6
6 (333).jpg,6
6 (334).jpg,6
6 (335).jpg,6
6 (336).jpg,6
6 (337).jpg,6
6 (338).jpg,6
6 (339).jpg,6
6 (34).jpg,6
6 (340).jpg,6
6 (341).jpg,6
6 (342).jpg,6
6 (343).jpg,6
6 (344).jpg,6
6 (345).jpg,6
6 (346).jpg,6
6 (347).jpg,6
6 (348).jpg,6
6 (349).jpg,6
6 (35).jpg,6
6 (350).jpg,6
6 (351).jpg,6
6 (352).jpg,6
6 (353).jpg,6
6 (354).jpg,6
6 (355).jpg,6
6 (356).jpg,6
6 (357).jpg,6
6 (358).jpg,6
6 (359).jpg,6
6 (36).jpg,6
6 (360).jpg,6
6 (361).jpg,6
6 (362).jpg,6
6 (363).jpg,6
6 (364).jpg,6
6 (365).jpg,6
6 (366).jpg,6
6 (367).jpg,6
6 (368).jpg,6
6 (369).jpg,6
6 (37).jpg,6
6 (370).jpg,6
6 (371).jpg,6
6 (372).jpg,6
6 (373).jpg,6
6 (374).jpg,6
6 (375).jpg,6
6 (376).jpg,6
6 (377).jpg,6
6 (378).jpg,6
6 (379).jpg,6
6 (38).jpg,6
6 (380).jpg,6
6 (381).jpg,6
6 (382).jpg,6
6 (383).jpg,6
6 (384).jpg,6
6 (385).jpg,6
6 (386).jpg,6
6 (387).jpg,6
6 (388).jpg,6
6 (389).jpg,6
6 (39).jpg,6
6 (390).jpg,6
6 (391).jpg,6
6 (392).jpg,6
6 (393).jpg,6
6 (394).jpg,6
6 (395).jpg,6
6 (396).jpg,6
6 (397).jpg,6
6 (398).jpg,6
6 (399).jpg,6
6 (4).jpg,6
6 (40).jpg,6
6 (400).jpg,6
6 (401).jpg,6
6 (402).jpg,6
6 (403).jpg,6
6 (404).jpg,6
6 (405).jpg,6
6 (406).jpg,6
6 (407).jpg,6
6 (408).jpg,6
6 (409).jpg,6
6 (41).jpg,6
6 (410).jpg,6
6 (411).jpg,6
6 (412).jpg,6
6 (413).jpg,6
6 (414).jpg,6
6 (415).jpg,6
6 (416).jpg,6
6 (417).jpg,6
6 (418).jpg,6
6 (419).jpg,6
6 (42).jpg,6
6 (420).jpg,6
6 (421).jpg,6
6 (422).jpg,6
6 (423).jpg,6
6 (424).jpg,6
6 (425).jpg,6
6 (426).jpg,6
6 (427).jpg,6
6 (428).jpg,6
6 (429).jpg,6
6 (43).jpg,6
6 (430).jpg,6
6 (431).jpg,6
6 (432).jpg,6
6 (433).jpg,6
6 (434).jpg,6
6 (435).jpg,6
6 (436).jpg,6
6 (437).jpg,6
6 (44).jpg,6
6 (45).jpg,6
6 (46).jpg,6
6 (47).jpg,6
6 (48).jpg,6
6 (49).jpg,6
6 (5).jpg,6
6 (50).jpg,6
6 (51).jpg,6
6 (52).jpg,6
6 (53).jpg,6
6 (54).jpg,6
6 (55).jpg,6
6 (56).jpg,6
6 (57).jpg,6
6 (58).jpg,6
6 (59).jpg,6
6 (6).jpg,6
6 (60).jpg,6
6 (61).jpg,6
6 (62).jpg,6
6 (63).jpg,6
6 (64).jpg,6
6 (65).jpg,6
6 (66).jpg,6
6 (67).jpg,6
6 (68).jpg,6
6 (69).jpg,6
6 (7).jpg,6
6 (70).jpg,6
6 (71).jpg,6
6 (72).jpg,6
6 (73).jpg,6
6 (74).jpg,6
6 (75).jpg,6
6 (76).jpg,6
6 (77).jpg,6
6 (78).jpg,6
6 (79).jpg,6
6 (8).jpg,6
6 (80).jpg,6
6 (81).jpg,6
6 (82).jpg,6
6 (83).jpg,6
6 (84).jpg,6
6 (85).jpg,6
6 (86).jpg,6
6 (87).jpg,6
6 (88).jpg,6
6 (89).jpg,6
6 (9).jpg,6
6 (90).jpg,6
6 (91).jpg,6
6 (92).jpg,6
6 (93).jpg,6
6 (94).jpg,6
6 (95).jpg,6
6 (96).jpg,6
6 (97).jpg,6
6 (98).jpg,6
6 (99).jpg,6
7 (1).jpg,7
7 (10).jpg,7
7 (100).jpg,7
7 (101).jpg,7
7 (102).jpg,7
7 (103).jpg,7
7 (104).jpg,7
7 (105).jpg,7
7 (106).jpg,7
7 (107).jpg,7
7 (108).jpg,7
7 (109).jpg,7
7 (11).jpg,7
7 (110).jpg,7
7 (111).jpg,7
7 (112).jpg,7
7 (113).jpg,7
7 (114).jpg,7
7 (115).jpg,7
7 (116).jpg,7
7 (117).jpg,7
7 (118).jpg,7
7 (119).jpg,7
7 (12).jpg,7
7 (120).jpg,7
7 (121).jpg,7
7 (122).jpg,7
7 (123).jpg,7
7 (124).jpg,7
7 (125).jpg,7
7 (126).jpg,7
7 (127).jpg,7
7 (128).jpg,7
7 (129).jpg,7
7 (13).jpg,7
7 (130).jpg,7
7 (131).jpg,7
7 (132).jpg,7
7 (133).jpg,7
7 (134).jpg,7
7 (135).jpg,7
7 (136).jpg,7
7 (137).jpg,7
7 (138).jpg,7
7 (139).jpg,7
7 (14).jpg,7
7 (140).jpg,7
7 (141).jpg,7
7 (142).jpg,7
7 (143).jpg,7
7 (144).jpg,7
7 (145).jpg,7
7 (146).jpg,7
7 (147).jpg,7
7 (148).jpg,7
7 (149).jpg,7
7 (15).jpg,7
7 (150).jpg,7
7 (151).jpg,7
7 (152).jpg,7
7 (153).jpg,7
7 (154).jpg,7
7 (155).jpg,7
7 (156).jpg,7
7 (157).jpg,7
7 (158).jpg,7
7 (159).jpg,7
7 (16).jpg,7
7 (160).jpg,7
7 (161).jpg,7
7 (162).jpg,7
7 (163).jpg,7
7 (164).jpg,7
7 (165).jpg,7
7 (166).jpg,7
7 (167).jpg,7
7 (168).jpg,7
7 (169).jpg,7
7 (17).jpg,7
7 (170).jpg,7
7 (171).jpg,7
7 (172).jpg,7
7 (173).jpg,7
7 (174).jpg,7
7 (175).jpg,7
7 (176).jpg,7
7 (177).jpg,7
7 (178).jpg,7
7 (179).jpg,7
7 (18).jpg,7
7 (180).jpg,7
7 (181).jpg,7
7 (182).jpg,7
7 (183).jpg,7
7 (184).jpg,7
7 (185).jpg,7
7 (186).jpg,7
7 (187).jpg,7
7 (188).jpg,7
7 (189).jpg,7
7 (19).jpg,7
7 (190).jpg,7
7 (191).jpg,7
7 (192).jpg,7
7 (193).jpg,7
7 (194).jpg,7
7 (195).jpg,7
7 (196).jpg,7
7 (197).jpg,7
7 (198).jpg,7
7 (199).jpg,7
7 (2).jpg,7
7 (20).jpg,7
7 (200).jpg,7
7 (201).jpg,7
7 (202).jpg,7
7 (203).jpg,7
7 (204).jpg,7
7 (205).jpg,7
7 (206).jpg,7
7 (207).jpg,7
7 (208).jpg,7
7 (209).jpg,7
7 (21).jpg,7
7 (210).jpg,7
7 (211).jpg,7
7 (212).jpg,7
7 (213).jpg,7
7 (214).jpg,7
7 (215).jpg,7
7 (216).jpg,7
7 (217).jpg,7
7 (218).jpg,7
7 (219).jpg,7
7 (22).jpg,7
7 (220).jpg,7
7 (221).jpg,7
7 (222).jpg,7
7 (223).jpg,7
7 (224).jpg,7
7 (225).jpg,7
7 (226).jpg,7
7 (227).jpg,7
7 (228).jpg,7
7 (229).jpg,7
7 (23).jpg,7
7 (230).jpg,7
7 (231).jpg,7
7 (232).jpg,7
7 (233).jpg,7
7 (234).jpg,7
7 (235).jpg,7
7 (236).jpg,7
7 (237).jpg,7
7 (238).jpg,7
7 (239).jpg,7
7 (24).jpg,7
7 (240).jpg,7
7 (241).jpg,7
7 (242).jpg,7
7 (243).jpg,7
7 (244).jpg,7
7 (245).jpg,7
7 (246).jpg,7
7 (247).jpg,7
7 (248).jpg,7
7 (249).jpg,7
7 (25).jpg,7
7 (250).jpg,7
7 (251).jpg,7
7 (252).jpg,7
7 (253).jpg,7
7 (254).jpg,7
7 (255).jpg,7
7 (256).jpg,7
7 (257).jpg,7
7 (258).jpg,7
7 (259).jpg,7
7 (26).jpg,7
7 (260).jpg,7
7 (261).jpg,7
7 (262).jpg,7
7 (263).jpg,7
7 (264).jpg,7
7 (265).jpg,7
7 (266).jpg,7
7 (267).jpg,7
7 (268).jpg,7
7 (269).jpg,7
7 (27).jpg,7
7 (270).jpg,7
7 (271).jpg,7
7 (272).jpg,7
7 (273).jpg,7
7 (274).jpg,7
7 (275).jpg,7
7 (276).jpg,7
7 (277).jpg,7
7 (278).jpg,7
7 (279).jpg,7
7 (28).jpg,7
7 (280).jpg,7
7 (281).jpg,7
7 (282).jpg,7
7 (283).jpg,7
7 (284).jpg,7
7 (285).jpg,7
7 (286).jpg,7
7 (287).jpg,7
7 (288).jpg,7
7 (289).jpg,7
7 (29).jpg,7
7 (290).jpg,7
7 (291).jpg,7
7 (292).jpg,7
7 (293).jpg,7
7 (294).jpg,7
7 (295).jpg,7
7 (296).jpg,7
7 (297).jpg,7
7 (298).jpg,7
7 (299).jpg,7
7 (3).jpg,7
7 (30).jpg,7
7 (300).jpg,7
7 (301).jpg,7
7 (302).jpg,7
7 (303).jpg,7
7 (304).jpg,7
7 (305).jpg,7
7 (306).jpg,7
7 (307).jpg,7
7 (308).jpg,7
7 (309).jpg,7
7 (31).jpg,7
7 (310).jpg,7
7 (311).jpg,7
7 (312).jpg,7
7 (313).jpg,7
7 (314).jpg,7
7 (315).jpg,7
7 (316).jpg,7
7 (317).jpg,7
7 (318).jpg,7
7 (319).jpg,7
7 (32).jpg,7
7 (320).jpg,7
7 (321).jpg,7
7 (322).jpg,7
7 (323).jpg,7
7 (324).jpg,7
7 (325).jpg,7
7 (326).jpg,7
7 (327).jpg,7
7 (328).jpg,7
7 (329).jpg,7
7 (33).jpg,7
7 (330).jpg,7
7 (331).jpg,7
7 (332).jpg,7
7 (333).jpg,7
7 (334).jpg,7
7 (335).jpg,7
7 (336).jpg,7
7 (337).jpg,7
7 (338).jpg,7
7 (339).jpg,7
7 (34).jpg,7
7 (340).jpg,7
7 (341).jpg,7
7 (342).jpg,7
7 (343).jpg,7
7 (344).jpg,7
7 (345).jpg,7
7 (346).jpg,7
7 (347).jpg,7
7 (348).jpg,7
7 (349).jpg,7
7 (35).jpg,7
7 (350).jpg,7
7 (351).jpg,7
7 (352).jpg,7
7 (353).jpg,7
7 (354).jpg,7
7 (355).jpg,7
7 (356).jpg,7
7 (357).jpg,7
7 (358).jpg,7
7 (359).jpg,7
7 (36).jpg,7
7 (360).jpg,7
7 (361).jpg,7
7 (362).jpg,7
7 (363).jpg,7
7 (364).jpg,7
7 (365).jpg,7
7 (366).jpg,7
7 (367).jpg,7
7 (368).jpg,7
7 (369).jpg,7
7 (37).jpg,7
7 (370).jpg,7
7 (371).jpg,7
7 (372).jpg,7
7 (373).jpg,7
7 (374).jpg,7
7 (375).jpg,7
7 (376).jpg,7
7 (377).jpg,7
7 (378).jpg,7
7 (379).jpg,7
7 (38).jpg,7
7 (380).jpg,7
7 (381).jpg,7
7 (382).jpg,7
7 (383).jpg,7
7 (384).jpg,7
7 (385).jpg,7
7 (386).jpg,7
7 (387).jpg,7
7 (388).jpg,7
7 (389).jpg,7
7 (39).jpg,7
7 (390).jpg,7
7 (391).jpg,7
7 (392).jpg,7
7 (393).jpg,7
7 (394).jpg,7
7 (395).jpg,7
7 (396).jpg,7
7 (397).jpg,7
7 (398).jpg,7
7 (399).jpg,7
7 (4).jpg,7
7 (40).jpg,7
7 (400).jpg,7
7 (401).jpg,7
7 (402).jpg,7
7 (403).jpg,7
7 (404).jpg,7
7 (405).jpg,7
7 (406).jpg,7
7 (407).jpg,7
7 (408).jpg,7
7 (409).jpg,7
7 (41).jpg,7
7 (410).jpg,7
7 (411).jpg,7
7 (412).jpg,7
7 (413).jpg,7
7 (414).jpg,7
7 (415).jpg,7
7 (416).jpg,7
7 (417).jpg,7
7 (418).jpg,7
7 (419).jpg,7
7 (42).jpg,7
7 (420).jpg,7
7 (421).jpg,7
7 (422).jpg,7
7 (423).jpg,7
7 (424).jpg,7
7 (425).jpg,7
7 (426).jpg,7
7 (427).jpg,7
7 (428).jpg,7
7 (429).jpg,7
7 (43).jpg,7
7 (430).jpg,7
7 (431).jpg,7
7 (432).jpg,7
7 (433).jpg,7
7 (434).jpg,7
7 (435).jpg,7
7 (436).jpg,7
7 (437).jpg,7
7 (438).jpg,7
7 (439).jpg,7
7 (44).jpg,7
7 (440).jpg,7
7 (441).jpg,7
7 (442).jpg,7
7 (443).jpg,7
7 (444).jpg,7
7 (445).jpg,7
7 (446).jpg,7
7 (447).jpg,7
7 (448).jpg,7
7 (449).jpg,7
7 (45).jpg,7
7 (450).jpg,7
7 (451).jpg,7
7 (452).jpg,7
7 (453).jpg,7
7 (454).jpg,7
7 (455).jpg,7
7 (456).jpg,7
7 (457).jpg,7
7 (458).jpg,7
7 (459).jpg,7
7 (46).jpg,7
7 (460).jpg,7
7 (461).jpg,7
7 (462).jpg,7
7 (463).jpg,7
7 (464).jpg,7
7 (465).jpg,7
7 (466).jpg,7
7 (467).jpg,7
7 (468).jpg,7
7 (469).jpg,7
7 (47).jpg,7
7 (470).jpg,7
7 (471).jpg,7
7 (472).jpg,7
7 (473).jpg,7
7 (474).jpg,7
7 (475).jpg,7
7 (476).jpg,7
7 (477).jpg,7
7 (478).jpg,7
7 (479).jpg,7
7 (48).jpg,7
7 (480).jpg,7
7 (481).jpg,7
7 (482).jpg,7
7 (483).jpg,7
7 (484).jpg,7
7 (485).jpg,7
7 (486).jpg,7
7 (487).jpg,7
7 (488).jpg,7
7 (489).jpg,7
7 (49).jpg,7
7 (490).jpg,7
7 (491).jpg,7
7 (492).jpg,7
7 (493).jpg,7
7 (494).jpg,7
7 (495).jpg,7
7 (496).jpg,7
7 (497).jpg,7
7 (498).jpg,7
7 (499).jpg,7
7 (5).jpg,7
7 (50).jpg,7
7 (500).jpg,7
7 (501).jpg,7
7 (502).jpg,7
7 (503).jpg,7
7 (504).jpg,7
7 (505).jpg,7
7 (506).jpg,7
7 (507).jpg,7
7 (508).jpg,7
7 (509).jpg,7
7 (51).jpg,7
7 (510).jpg,7
7 (511).jpg,7
7 (512).jpg,7
7 (513).jpg,7
7 (514).jpg,7
7 (515).jpg,7
7 (516).jpg,7
7 (517).jpg,7
7 (518).jpg,7
7 (519).jpg,7
7 (52).jpg,7
7 (520).jpg,7
7 (521).jpg,7
7 (522).jpg,7
7 (523).jpg,7
7 (524).jpg,7
7 (525).jpg,7
7 (53).jpg,7
7 (54).jpg,7
7 (55).jpg,7
7 (56).jpg,7
7 (57).jpg,7
7 (58).jpg,7
7 (59).jpg,7
7 (6).jpg,7
7 (60).jpg,7
7 (61).jpg,7
7 (62).jpg,7
7 (63).jpg,7
7 (64).jpg,7
7 (65).jpg,7
7 (66).jpg,7
7 (67).jpg,7
7 (68).jpg,7
7 (69).jpg,7
7 (7).jpg,7
7 (70).jpg,7
7 (71).jpg,7
7 (72).jpg,7
7 (73).jpg,7
7 (74).jpg,7
7 (75).jpg,7
7 (76).jpg,7
7 (77).jpg,7
7 (78).jpg,7
7 (79).jpg,7
7 (8).jpg,7
7 (80).jpg,7
7 (81).jpg,7
7 (82).jpg,7
7 (83).jpg,7
7 (84).jpg,7
7 (85).jpg,7
7 (86).jpg,7
7 (87).jpg,7
7 (88).jpg,7
7 (89).jpg,7
7 (9).jpg,7
7 (90).jpg,7
7 (91).jpg,7
7 (92).jpg,7
7 (93).jpg,7
7 (94).jpg,7
7 (95).jpg,7
7 (96).jpg,7
7 (97).jpg,7
7 (98).jpg,7
7 (99).jpg,7
8 (1).jpg,8
8 (10).jpg,8
8 (100).jpg,8
8 (101).jpg,8
8 (102).jpg,8
8 (103).jpg,8
8 (104).jpg,8
8 (105).jpg,8
8 (106).jpg,8
8 (107).jpg,8
8 (108).jpg,8
8 (109).jpg,8
8 (11).jpg,8
8 (110).jpg,8
8 (111).jpg,8
8 (112).jpg,8
8 (113).jpg,8
8 (114).jpg,8
8 (115).jpg,8
8 (116).jpg,8
8 (117).jpg,8
8 (118).jpg,8
8 (119).jpg,8
8 (12).jpg,8
8 (120).jpg,8
8 (121).jpg,8
8 (122).jpg,8
8 (123).jpg,8
8 (124).jpg,8
8 (125).jpg,8
8 (126).jpg,8
8 (127).jpg,8
8 (128).jpg,8
8 (129).jpg,8
8 (13).jpg,8
8 (130).jpg,8
8 (131).jpg,8
8 (132).jpg,8
8 (133).jpg,8
8 (134).jpg,8
8 (135).jpg,8
8 (136).jpg,8
8 (137).jpg,8
8 (138).jpg,8
8 (139).jpg,8
8 (14).jpg,8
8 (140).jpg,8
8 (141).jpg,8
8 (142).jpg,8
8 (143).jpg,8
8 (144).jpg,8
8 (145).jpg,8
8 (146).jpg,8
8 (147).jpg,8
8 (148).jpg,8
8 (149).jpg,8
8 (15).jpg,8
8 (150).jpg,8
8 (151).jpg,8
8 (152).jpg,8
8 (153).jpg,8
8 (154).jpg,8
8 (155).jpg,8
8 (156).jpg,8
8 (157).jpg,8
8 (158).jpg,8
8 (159).jpg,8
8 (16).jpg,8
8 (160).jpg,8
8 (161).jpg,8
8 (162).jpg,8
8 (163).jpg,8
8 (164).jpg,8
8 (165).jpg,8
8 (166).jpg,8
8 (167).jpg,8
8 (168).jpg,8
8 (169).jpg,8
8 (17).jpg,8
8 (170).jpg,8
8 (171).jpg,8
8 (172).jpg,8
8 (173).jpg,8
8 (174).jpg,8
8 (175).jpg,8
8 (176).jpg,8
8 (177).jpg,8
8 (178).jpg,8
8 (179).jpg,8
8 (18).jpg,8
8 (180).jpg,8
8 (181).jpg,8
8 (182).jpg,8
8 (183).jpg,8
8 (184).jpg,8
8 (185).jpg,8
8 (186).jpg,8
8 (187).jpg,8
8 (188).jpg,8
8 (189).jpg,8
8 (19).jpg,8
8 (190).jpg,8
8 (191).jpg,8
8 (192).jpg,8
8 (193).jpg,8
8 (194).jpg,8
8 (195).jpg,8
8 (196).jpg,8
8 (197).jpg,8
8 (198).jpg,8
8 (199).jpg,8
8 (2).jpg,8
8 (20).jpg,8
8 (200).jpg,8
8 (201).jpg,8
8 (202).jpg,8
8 (203).jpg,8
8 (204).jpg,8
8 (205).jpg,8
8 (206).jpg,8
8 (207).jpg,8
8 (208).jpg,8
8 (209).jpg,8
8 (21).jpg,8
8 (210).jpg,8
8 (211).jpg,8
8 (212).jpg,8
8 (213).jpg,8
8 (214).jpg,8
8 (215).jpg,8
8 (216).jpg,8
8 (217).jpg,8
8 (218).jpg,8
8 (219).jpg,8
8 (22).jpg,8
8 (220).jpg,8
8 (221).jpg,8
8 (222).jpg,8
8 (223).jpg,8
8 (224).jpg,8
8 (225).jpg,8
8 (226).jpg,8
8 (227).jpg,8
8 (228).jpg,8
8 (229).jpg,8
8 (23).jpg,8
8 (230).jpg,8
8 (231).jpg,8
8 (232).jpg,8
8 (233).jpg,8
8 (234).jpg,8
8 (235).jpg,8
8 (236).jpg,8
8 (237).jpg,8
8 (238).jpg,8
8 (239).jpg,8
8 (24).jpg,8
8 (240).jpg,8
8 (241).jpg,8
8 (242).jpg,8
8 (243).jpg,8
8 (244).jpg,8
8 (245).jpg,8
8 (246).jpg,8
8 (247).jpg,8
8 (248).jpg,8
8 (249).jpg,8
8 (25).jpg,8
8 (250).jpg,8
8 (251).jpg,8
8 (252).jpg,8
8 (253).jpg,8
8 (254).jpg,8
8 (255).jpg,8
8 (256).jpg,8
8 (257).jpg,8
8 (258).jpg,8
8 (259).jpg,8
8 (26).jpg,8
8 (260).jpg,8
8 (261).jpg,8
8 (262).jpg,8
8 (263).jpg,8
8 (264).jpg,8
8 (265).jpg,8
8 (266).jpg,8
8 (267).jpg,8
8 (268).jpg,8
8 (269).jpg,8
8 (27).jpg,8
8 (270).jpg,8
8 (271).jpg,8
8 (272).jpg,8
8 (273).jpg,8
8 (274).jpg,8
8 (275).jpg,8
8 (276).jpg,8
8 (277).jpg,8
8 (278).jpg,8
8 (279).jpg,8
8 (28).jpg,8
8 (280).jpg,8
8 (281).jpg,8
8 (282).jpg,8
8 (283).jpg,8
8 (284).jpg,8
8 (285).jpg,8
8 (286).jpg,8
8 (287).jpg,8
8 (288).jpg,8
8 (289).jpg,8
8 (29).jpg,8
8 (290).jpg,8
8 (291).jpg,8
8 (292).jpg,8
8 (293).jpg,8
8 (294).jpg,8
8 (295).jpg,8
8 (296).jpg,8
8 (297).jpg,8
8 (298).jpg,8
8 (299).jpg,8
8 (3).jpg,8
8 (30).jpg,8
8 (300).jpg,8
8 (301).jpg,8
8 (302).jpg,8
8 (303).jpg,8
8 (304).jpg,8
8 (305).jpg,8
8 (306).jpg,8
8 (307).jpg,8
8 (308).jpg,8
8 (309).jpg,8
8 (31).jpg,8
8 (310).jpg,8
8 (311).jpg,8
8 (312).jpg,8
8 (313).jpg,8
8 (314).jpg,8
8 (315).jpg,8
8 (316).jpg,8
8 (317).jpg,8
8 (318).jpg,8
8 (319).jpg,8
8 (32).jpg,8
8 (320).jpg,8
8 (321).jpg,8
8 (322).jpg,8
8 (323).jpg,8
8 (324).jpg,8
8 (325).jpg,8
8 (326).jpg,8
8 (327).jpg,8
8 (328).jpg,8
8 (329).jpg,8
8 (33).jpg,8
8 (330).jpg,8
8 (331).jpg,8
8 (332).jpg,8
8 (333).jpg,8
8 (334).jpg,8
8 (335).jpg,8
8 (336).jpg,8
8 (337).jpg,8
8 (338).jpg,8
8 (339).jpg,8
8 (34).jpg,8
8 (340).jpg,8
8 (341).jpg,8
8 (342).jpg,8
8 (343).jpg,8
8 (344).jpg,8
8 (345).jpg,8
8 (346).jpg,8
8 (347).jpg,8
8 (348).jpg,8
8 (349).jpg,8
8 (35).jpg,8
8 (350).jpg,8
8 (351).jpg,8
8 (352).jpg,8
8 (353).jpg,8
8 (354).jpg,8
8 (355).jpg,8
8 (356).jpg,8
8 (357).jpg,8
8 (358).jpg,8
8 (359).jpg,8
8 (36).jpg,8
8 (360).jpg,8
8 (361).jpg,8
8 (362).jpg,8
8 (363).jpg,8
8 (364).jpg,8
8 (365).jpg,8
8 (366).jpg,8
8 (367).jpg,8
8 (368).jpg,8
8 (369).jpg,8
8 (37).jpg,8
8 (370).jpg,8
8 (371).jpg,8
8 (372).jpg,8
8 (373).jpg,8
8 (374).jpg,8
8 (375).jpg,8
8 (376).jpg,8
8 (377).jpg,8
8 (378).jpg,8
8 (379).jpg,8
8 (38).jpg,8
8 (380).jpg,8
8 (381).jpg,8
8 (382).jpg,8
8 (383).jpg,8
8 (384).jpg,8
8 (385).jpg,8
8 (386).jpg,8
8 (387).jpg,8
8 (388).jpg,8
8 (389).jpg,8
8 (39).jpg,8
8 (390).jpg,8
8 (391).jpg,8
8 (392).jpg,8
8 (393).jpg,8
8 (394).jpg,8
8 (395).jpg,8
8 (396).jpg,8
8 (397).jpg,8
8 (398).jpg,8
8 (399).jpg,8
8 (4).jpg,8
8 (40).jpg,8
8 (400).jpg,8
8 (401).jpg,8
8 (402).jpg,8
8 (403).jpg,8
8 (404).jpg,8
8 (405).jpg,8
8 (406).jpg,8
8 (407).jpg,8
8 (408).jpg,8
8 (409).jpg,8
8 (41).jpg,8
8 (410).jpg,8
8 (411).jpg,8
8 (412).jpg,8
8 (413).jpg,8
8 (414).jpg,8
8 (415).jpg,8
8 (416).jpg,8
8 (417).jpg,8
8 (418).jpg,8
8 (419).jpg,8
8 (42).jpg,8
8 (420).jpg,8
8 (421).jpg,8
8 (422).jpg,8
8 (423).jpg,8
8 (424).jpg,8
8 (425).jpg,8
8 (426).jpg,8
8 (427).jpg,8
8 (428).jpg,8
8 (429).jpg,8
8 (43).jpg,8
8 (430).jpg,8
8 (431).jpg,8
8 (432).jpg,8
8 (433).jpg,8
8 (434).jpg,8
8 (435).jpg,8
8 (436).jpg,8
8 (437).jpg,8
8 (438).jpg,8
8 (439).jpg,8
8 (44).jpg,8
8 (440).jpg,8
8 (441).jpg,8
8 (442).jpg,8
8 (443).jpg,8
8 (444).jpg,8
8 (445).jpg,8
8 (446).jpg,8
8 (447).jpg,8
8 (448).jpg,8
8 (449).jpg,8
8 (45).jpg,8
8 (450).jpg,8
8 (451).jpg,8
8 (452).jpg,8
8 (453).jpg,8
8 (454).jpg,8
8 (455).jpg,8
8 (456).jpg,8
8 (457).jpg,8
8 (458).jpg,8
8 (459).jpg,8
8 (46).jpg,8
8 (460).jpg,8
8 (461).jpg,8
8 (462).jpg,8
8 (463).jpg,8
8 (464).jpg,8
8 (465).jpg,8
8 (466).jpg,8
8 (467).jpg,8
8 (468).jpg,8
8 (469).jpg,8
8 (47).jpg,8
8 (470).jpg,8
8 (471).jpg,8
8 (472).jpg,8
8 (473).jpg,8
8 (474).jpg,8
8 (475).jpg,8
8 (476).jpg,8
8 (477).jpg,8
8 (478).jpg,8
8 (479).jpg,8
8 (48).jpg,8
8 (480).jpg,8
8 (481).jpg,8
8 (482).jpg,8
8 (483).jpg,8
8 (484).jpg,8
8 (485).jpg,8
8 (486).jpg,8
8 (487).jpg,8
8 (488).jpg,8
8 (489).jpg,8
8 (49).jpg,8
8 (490).jpg,8
8 (491).jpg,8
8 (492).jpg,8
8 (493).jpg,8
8 (494).jpg,8
8 (495).jpg,8
8 (496).jpg,8
8 (497).jpg,8
8 (498).jpg,8
8 (499).jpg,8
8 (5).jpg,8
8 (50).jpg,8
8 (500).jpg,8
8 (501).jpg,8
8 (502).jpg,8
8 (503).jpg,8
8 (504).jpg,8
8 (505).jpg,8
8 (506).jpg,8
8 (507).jpg,8
8 (508).jpg,8
8 (509).jpg,8
8 (51).jpg,8
8 (510).jpg,8
8 (511).jpg,8
8 (512).jpg,8
8 (513).jpg,8
8 (514).jpg,8
8 (515).jpg,8
8 (516).jpg,8
8 (517).jpg,8
8 (518).jpg,8
8 (519).jpg,8
8 (52).jpg,8
8 (520).jpg,8
8 (521).jpg,8
8 (522).jpg,8
8 (523).jpg,8
8 (524).jpg,8
8 (525).jpg,8
8 (526).jpg,8
8 (527).jpg,8
8 (528).jpg,8
8 (529).jpg,8
8 (53).jpg,8
8 (530).jpg,8
8 (531).jpg,8
8 (532).jpg,8
8 (533).jpg,8
8 (534).jpg,8
8 (535).jpg,8
8 (536).jpg,8
8 (537).jpg,8
8 (538).jpg,8
8 (539).jpg,8
8 (54).jpg,8
8 (540).jpg,8
8 (541).jpg,8
8 (542).jpg,8
8 (543).jpg,8
8 (544).jpg,8
8 (545).jpg,8
8 (546).jpg,8
8 (547).jpg,8
8 (548).jpg,8
8 (549).jpg,8
8 (55).jpg,8
8 (550).jpg,8
8 (56).jpg,8
8 (57).jpg,8
8 (58).jpg,8
8 (59).jpg,8
8 (6).jpg,8
8 (60).jpg,8
8 (61).jpg,8
8 (62).jpg,8
8 (63).jpg,8
8 (64).jpg,8
8 (65).jpg,8
8 (66).jpg,8
8 (67).jpg,8
8 (68).jpg,8
8 (69).jpg,8
8 (7).jpg,8
8 (70).jpg,8
8 (71).jpg,8
8 (72).jpg,8
8 (73).jpg,8
8 (74).jpg,8
8 (75).jpg,8
8 (76).jpg,8
8 (77).jpg,8
8 (78).jpg,8
8 (79).jpg,8
8 (8).jpg,8
8 (80).jpg,8
8 (81).jpg,8
8 (82).jpg,8
8 (83).jpg,8
8 (84).jpg,8
8 (85).jpg,8
8 (86).jpg,8
8 (87).jpg,8
8 (88).jpg,8
8 (89).jpg,8
8 (9).jpg,8
8 (90).jpg,8
8 (91).jpg,8
8 (92).jpg,8
8 (93).jpg,8
8 (94).jpg,8
8 (95).jpg,8
8 (96).jpg,8
8 (97).jpg,8
8 (98).jpg,8
8 (99).jpg,8
9 (1).jpg,9
9 (10).jpg,9
9 (100).jpg,9
9 (101).jpg,9
9 (102).jpg,9
9 (103).jpg,9
9 (104).jpg,9
9 (105).jpg,9
9 (106).jpg,9
9 (107).jpg,9
9 (108).jpg,9
9 (109).jpg,9
9 (11).jpg,9
9 (110).jpg,9
9 (111).jpg,9
9 (112).jpg,9
9 (113).jpg,9
9 (114).jpg,9
9 (115).jpg,9
9 (116).jpg,9
9 (117).jpg,9
9 (118).jpg,9
9 (119).jpg,9
9 (12).jpg,9
9 (120).jpg,9
9 (121).jpg,9
9 (122).jpg,9
9 (123).jpg,9
9 (124).jpg,9
9 (125).jpg,9
9 (126).jpg,9
9 (127).jpg,9
9 (128).jpg,9
9 (129).jpg,9
9 (13).jpg,9
9 (130).jpg,9
9 (131).jpg,9
9 (132).jpg,9
9 (133).jpg,9
9 (134).jpg,9
9 (135).jpg,9
9 (136).jpg,9
9 (137).jpg,9
9 (138).jpg,9
9 (139).jpg,9
9 (14).jpg,9
9 (140).jpg,9
9 (141).jpg,9
9 (142).jpg,9
9 (143).jpg,9
9 (144).jpg,9
9 (145).jpg,9
9 (146).jpg,9
9 (147).jpg,9
9 (148).jpg,9
9 (149).jpg,9
9 (15).jpg,9
9 (150).jpg,9
9 (151).jpg,9
9 (152).jpg,9
9 (153).jpg,9
9 (154).jpg,9
9 (155).jpg,9
9 (156).jpg,9
9 (157).jpg,9
9 (158).jpg,9
9 (159).jpg,9
9 (16).jpg,9
9 (160).jpg,9
9 (161).jpg,9
9 (162).jpg,9
9 (163).jpg,9
9 (164).jpg,9
9 (165).jpg,9
9 (166).jpg,9
9 (167).jpg,9
9 (168).jpg,9
9 (169).jpg,9
9 (17).jpg,9
9 (170).jpg,9
9 (171).jpg,9
9 (172).jpg,9
9 (173).jpg,9
9 (174).jpg,9
9 (175).jpg,9
9 (176).jpg,9
9 (177).jpg,9
9 (178).jpg,9
9 (179).jpg,9
9 (18).jpg,9
9 (180).jpg,9
9 (181).jpg,9
9 (182).jpg,9
9 (183).jpg,9
9 (184).jpg,9
9 (185).jpg,9
9 (186).jpg,9
9 (187).jpg,9
9 (188).jpg,9
9 (189).jpg,9
9 (19).jpg,9
9 (190).jpg,9
9 (191).jpg,9
9 (192).jpg,9
9 (193).jpg,9
9 (194).jpg,9
9 (195).jpg,9
9 (196).jpg,9
9 (197).jpg,9
9 (198).jpg,9
9 (199).jpg,9
9 (2).jpg,9
9 (20).jpg,9
9 (200).jpg,9
9 (201).jpg,9
9 (202).jpg,9
9 (203).jpg,9
9 (204).jpg,9
9 (205).jpg,9
9 (206).jpg,9
9 (207).jpg,9
9 (208).jpg,9
9 (209).jpg,9
9 (21).jpg,9
9 (210).jpg,9
9 (211).jpg,9
9 (212).jpg,9
9 (213).jpg,9
9 (214).jpg,9
9 (215).jpg,9
9 (216).jpg,9
9 (217).jpg,9
9 (218).jpg,9
9 (219).jpg,9
9 (22).jpg,9
9 (220).jpg,9
9 (221).jpg,9
9 (222).jpg,9
9 (223).jpg,9
9 (224).jpg,9
9 (225).jpg,9
9 (226).jpg,9
9 (227).jpg,9
9 (228).jpg,9
9 (229).jpg,9
9 (23).jpg,9
9 (230).jpg,9
9 (231).jpg,9
9 (232).jpg,9
9 (233).jpg,9
9 (234).jpg,9
9 (235).jpg,9
9 (236).jpg,9
9 (237).jpg,9
9 (238).jpg,9
9 (239).jpg,9
9 (24).jpg,9
9 (240).jpg,9
9 (241).jpg,9
9 (242).jpg,9
9 (243).jpg,9
9 (244).jpg,9
9 (245).jpg,9
9 (246).jpg,9
9 (247).jpg,9
9 (248).jpg,9
9 (249).jpg,9
9 (25).jpg,9
9 (250).jpg,9
9 (251).jpg,9
9 (252).jpg,9
9 (253).jpg,9
9 (254).jpg,9
9 (255).jpg,9
9 (256).jpg,9
9 (257).jpg,9
9 (258).jpg,9
9 (259).jpg,9
9 (26).jpg,9
9 (260).jpg,9
9 (261).jpg,9
9 (262).jpg,9
9 (263).jpg,9
9 (264).jpg,9
9 (265).jpg,9
9 (266).jpg,9
9 (267).jpg,9
9 (268).jpg,9
9 (269).jpg,9
9 (27).jpg,9
9 (270).jpg,9
9 (271).jpg,9
9 (272).jpg,9
9 (273).jpg,9
9 (274).jpg,9
9 (275).jpg,9
9 (276).jpg,9
9 (277).jpg,9
9 (278).jpg,9
9 (279).jpg,9
9 (28).jpg,9
9 (280).jpg,9
9 (281).jpg,9
9 (282).jpg,9
9 (283).jpg,9
9 (284).jpg,9
9 (285).jpg,9
9 (286).jpg,9
9 (287).jpg,9
9 (288).jpg,9
9 (289).jpg,9
9 (29).jpg,9
9 (290).jpg,9
9 (291).jpg,9
9 (292).jpg,9
9 (293).jpg,9
9 (294).jpg,9
9 (295).jpg,9
9 (296).jpg,9
9 (297).jpg,9
9 (298).jpg,9
9 (299).jpg,9
9 (3).jpg,9
9 (30).jpg,9
9 (300).jpg,9
9 (301).jpg,9
9 (302).jpg,9
9 (303).jpg,9
9 (304).jpg,9
9 (305).jpg,9
9 (306).jpg,9
9 (307).jpg,9
9 (308).jpg,9
9 (309).jpg,9
9 (31).jpg,9
9 (310).jpg,9
9 (311).jpg,9
9 (312).jpg,9
9 (313).jpg,9
9 (314).jpg,9
9 (315).jpg,9
9 (316).jpg,9
9 (317).jpg,9
9 (318).jpg,9
9 (319).jpg,9
9 (32).jpg,9
9 (320).jpg,9
9 (321).jpg,9
9 (322).jpg,9
9 (323).jpg,9
9 (324).jpg,9
9 (325).jpg,9
9 (326).jpg,9
9 (327).jpg,9
9 (328).jpg,9
9 (329).jpg,9
9 (33).jpg,9
9 (330).jpg,9
9 (331).jpg,9
9 (332).jpg,9
9 (333).jpg,9
9 (334).jpg,9
9 (335).jpg,9
9 (336).jpg,9
9 (337).jpg,9
9 (338).jpg,9
9 (339).jpg,9
9 (34).jpg,9
9 (340).jpg,9
9 (341).jpg,9
9 (342).jpg,9
9 (343).jpg,9
9 (344).jpg,9
9 (345).jpg,9
9 (346).jpg,9
9 (347).jpg,9
9 (348).jpg,9
9 (349).jpg,9
9 (35).jpg,9
9 (350).jpg,9
9 (351).jpg,9
9 (352).jpg,9
9 (353).jpg,9
9 (354).jpg,9
9 (355).jpg,9
9 (356).jpg,9
9 (357).jpg,9
9 (358).jpg,9
9 (359).jpg,9
9 (36).jpg,9
9 (360).jpg,9
9 (361).jpg,9
9 (362).jpg,9
9 (363).jpg,9
9 (364).jpg,9
9 (365).jpg,9
9 (366).jpg,9
9 (367).jpg,9
9 (368).jpg,9
9 (369).jpg,9
9 (37).jpg,9
9 (370).jpg,9
9 (371).jpg,9
9 (372).jpg,9
9 (373).jpg,9
9 (374).jpg,9
9 (375).jpg,9
9 (376).jpg,9
9 (377).jpg,9
9 (378).jpg,9
9 (379).jpg,9
9 (38).jpg,9
9 (380).jpg,9
9 (381).jpg,9
9 (382).jpg,9
9 (383).jpg,9
9 (384).jpg,9
9 (385).jpg,9
9 (386).jpg,9
9 (387).jpg,9
9 (388).jpg,9
9 (389).jpg,9
9 (39).jpg,9
9 (390).jpg,9
9 (391).jpg,9
9 (392).jpg,9
9 (393).jpg,9
9 (394).jpg,9
9 (395).jpg,9
9 (396).jpg,9
9 (397).jpg,9
9 (398).jpg,9
9 (399).jpg,9
9 (4).jpg,9
9 (40).jpg,9
9 (400).jpg,9
9 (401).jpg,9
9 (402).jpg,9
9 (403).jpg,9
9 (404).jpg,9
9 (405).jpg,9
9 (406).jpg,9
9 (407).jpg,9
9 (408).jpg,9
9 (409).jpg,9
9 (41).jpg,9
9 (410).jpg,9
9 (411).jpg,9
9 (412).jpg,9
9 (413).jpg,9
9 (414).jpg,9
9 (415).jpg,9
9 (416).jpg,9
9 (417).jpg,9
9 (418).jpg,9
9 (419).jpg,9
9 (42).jpg,9
9 (420).jpg,9
9 (421).jpg,9
9 (422).jpg,9
9 (423).jpg,9
9 (424).jpg,9
9 (425).jpg,9
9 (426).jpg,9
9 (427).jpg,9
9 (428).jpg,9
9 (429).jpg,9
9 (43).jpg,9
9 (430).jpg,9
9 (431).jpg,9
9 (432).jpg,9
9 (433).jpg,9
9 (434).jpg,9
9 (435).jpg,9
9 (436).jpg,9
9 (437).jpg,9
9 (438).jpg,9
9 (439).jpg,9
9 (44).jpg,9
9 (440).jpg,9
9 (441).jpg,9
9 (442).jpg,9
9 (443).jpg,9
9 (444).jpg,9
9 (445).jpg,9
9 (446).jpg,9
9 (447).jpg,9
9 (448).jpg,9
9 (449).jpg,9
9 (45).jpg,9
9 (450).jpg,9
9 (451).jpg,9
9 (452).jpg,9
9 (453).jpg,9
9 (454).jpg,9
9 (455).jpg,9
9 (456).jpg,9
9 (457).jpg,9
9 (458).jpg,9
9 (459).jpg,9
9 (46).jpg,9
9 (460).jpg,9
9 (461).jpg,9
9 (462).jpg,9
9 (463).jpg,9
9 (464).jpg,9
9 (465).jpg,9
9 (466).jpg,9
9 (467).jpg,9
9 (468).jpg,9
9 (469).jpg,9
9 (47).jpg,9
9 (470).jpg,9
9 (471).jpg,9
9 (472).jpg,9
9 (473).jpg,9
9 (474).jpg,9
9 (475).jpg,9
9 (476).jpg,9
9 (477).jpg,9
9 (478).jpg,9
9 (479).jpg,9
9 (48).jpg,9
9 (480).jpg,9
9 (481).jpg,9
9 (482).jpg,9
9 (483).jpg,9
9 (484).jpg,9
9 (485).jpg,9
9 (486).jpg,9
9 (487).jpg,9
9 (488).jpg,9
9 (489).jpg,9
9 (49).jpg,9
9 (490).jpg,9
9 (491).jpg,9
9 (492).jpg,9
9 (493).jpg,9
9 (494).jpg,9
9 (495).jpg,9
9 (496).jpg,9
9 (497).jpg,9
9 (498).jpg,9
9 (499).jpg,9
9 (5).jpg,9
9 (50).jpg,9
9 (500).jpg,9
9 (501).jpg,9
9 (502).jpg,9
9 (503).jpg,9
9 (504).jpg,9
9 (505).jpg,9
9 (506).jpg,9
9 (507).jpg,9
9 (508).jpg,9
9 (509).jpg,9
9 (51).jpg,9
9 (510).jpg,9
9 (511).jpg,9
9 (512).jpg,9
9 (513).jpg,9
9 (514).jpg,9
9 (515).jpg,9
9 (516).jpg,9
9 (517).jpg,9
9 (518).jpg,9
9 (519).jpg,9
9 (52).jpg,9
9 (520).jpg,9
9 (521).jpg,9
9 (522).jpg,9
9 (523).jpg,9
9 (524).jpg,9
9 (525).jpg,9
9 (526).jpg,9
9 (527).jpg,9
9 (528).jpg,9
9 (529).jpg,9
9 (53).jpg,9
9 (530).jpg,9
9 (531).jpg,9
9 (532).jpg,9
9 (533).jpg,9
9 (534).jpg,9
9 (535).jpg,9
9 (536).jpg,9
9 (537).jpg,9
9 (538).jpg,9
9 (539).jpg,9
9 (54).jpg,9
9 (55).jpg,9
9 (56).jpg,9
9 (57).jpg,9
9 (58).jpg,9
9 (59).jpg,9
9 (6).jpg,9
9 (60).jpg,9
9 (61).jpg,9
9 (62).jpg,9
9 (63).jpg,9
9 (64).jpg,9
9 (65).jpg,9
9 (66).jpg,9
9 (67).jpg,9
9 (68).jpg,9
9 (69).jpg,9
9 (7).jpg,9
9 (70).jpg,9
9 (71).jpg,9
9 (72).jpg,9
9 (73).jpg,9
9 (74).jpg,9
9 (75).jpg,9
9 (76).jpg,9
9 (77).jpg,9
9 (78).jpg,9
9 (79).jpg,9
9 (8).jpg,9
9 (80).jpg,9
9 (81).jpg,9
9 (82).jpg,9
9 (83).jpg,9
9 (84).jpg,9
9 (85).jpg,9
9 (86).jpg,9
9 (87).jpg,9
9 (88).jpg,9
9 (89).jpg,9
9 (9).jpg,9
9 (90).jpg,9
9 (91).jpg,9
9 (92).jpg,9
9 (93).jpg,9
9 (94).jpg,9
9 (95).jpg,9
9 (96).jpg,9
9 (97).jpg,9
9 (98).jpg,9
9 (99).jpg,9
